exprs	process	real	size	rows	cols	max_memory
({ library(readr) library(dplyr) })	0.13155687300000007	0.1315605640411377	709936880	2342339	37	6644916224
x <- read_fwf(file, fields, col_types = types)	29.415032796	29.415850162506104	709936880	2342339	37	6644916224
print(x)	0.04634975800000518	0.04635143280029297	709936880	2342339	37	6644916224
a <- head(x)	0.0011531840000031934	0.0011544227600097656	709936880	2342339	37	6644916224
b <- tail(x)	6.725159999945163e-4	6.737709045410156e-4	709936880	2342339	37	6644916224
c <- sample_n(x, 100)	0.01654128700000257	0.01654338836669922	709936880	2342339	37	6644916224
"d <- filter(x, PERSONS == ""06"")"	0.09610519499999981	0.09610748291015625	709936880	2342339	37	6644916224
e <- group_by(x, STATE) %>% summarise(avg_TOTPUM5 = mean(TOTPUMA5))	0.09503494199999807	0.09503722190856934	709936880	2342339	37	6644916224
