exprs	process	real	size	rows	cols	max_memory
({ })	3.063999999941558e-6	5.245208740234375e-6	709936880	2342339	37	6621343744
x <- read.fwf(file, widths = fields$width, col.names = fields$col_names)	1089.464910198	1089.5732316970825	709936880	2342339	37	6621343744
print(head(x, 10))	0.015051766999931715	0.015721797943115234	709936880	2342339	37	6621343744
a <- head(x)	8.085290000963141e-4	8.099079132080078e-4	709936880	2342339	37	6621343744
b <- tail(x)	0.0010067789999084198	0.0010082721710205078	709936880	2342339	37	6621343744
c <- x[sample(NROW(x), 100), ]	0.0029781670000375016	0.0029802322387695312	709936880	2342339	37	6621343744
"d <- x[x$PERSONS == ""06"", ]"	0.49151955999991515	0.49154090881347656	709936880	2342339	37	6621343744
e <- tapply(x$TOTPUMA5, x$STATE, mean)	0.08967751000000135	0.08968019485473633	709936880	2342339	37	6621343744
