exprs	process	real	size	rows	cols	max_memory
({ })	3.283000000076086e-6	5.0067901611328125e-6	709936880	2342339	37	6609580032
x <- read.fwf(file, widths = fields$width, col.names = fields$col_names)	960.669494667	960.7461450099945	709936880	2342339	37	6609580032
print(head(x, 10))	0.01501168700008293	0.015665769577026367	709936880	2342339	37	6609580032
a <- head(x)	7.615229999373696e-4	7.62939453125e-4	709936880	2342339	37	6609580032
b <- tail(x)	0.0010052599999426093	0.0010068416595458984	709936880	2342339	37	6609580032
c <- x[sample(NROW(x), 100), ]	0.002577630000018871	0.0025794506072998047	709936880	2342339	37	6609580032
"d <- x[x$PERSONS == ""06"", ]"	0.3338994980000507	0.33390164375305176	709936880	2342339	37	6609580032
e <- tapply(x$TOTPUMA5, x$STATE, mean)	0.3359765719999359	0.33597898483276367	709936880	2342339	37	6609580032
