exprs	process	real	size	rows	cols	max_memory
({ library(readr) library(dplyr) })	0.12630891799999988	0.1263124942779541	709936880	2342339	37	6644965376
x <- read_fwf(file, fields, col_types = types)	32.593650083	32.59428787231445	709936880	2342339	37	6644965376
print(x)	0.04750896499999868	0.04751086235046387	709936880	2342339	37	6644965376
a <- head(x)	0.0011317969999993238	0.0011332035064697266	709936880	2342339	37	6644965376
b <- tail(x)	6.720350000009034e-4	6.732940673828125e-4	709936880	2342339	37	6644965376
c <- sample_n(x, 100)	0.016384803000001114	0.01638650894165039	709936880	2342339	37	6644965376
"d <- filter(x, PERSONS == ""06"")"	0.09458435599999859	0.09458684921264648	709936880	2342339	37	6644965376
e <- group_by(x, STATE) %>% summarise(avg_TOTPUM5 = mean(TOTPUMA5))	0.09379347599999477	0.0937960147857666	709936880	2342339	37	6644965376
