exprs	process	real	size	rows	cols
({ library(readr) library(dplyr) })	0.1663618760000003	0.166365385055542	709936880	2342339	37
x <- read_fwf(file, fields, col_types = types)	30.371787648999998	30.372151374816895	709936880	2342339	37
print(x)	0.11450784000000169	0.11451053619384766	709936880	2342339	37
a <- head(x)	3.905660000000921e-4	3.917217254638672e-4	709936880	2342339	37
b <- tail(x)	4.120030000009933e-4	4.1294097900390625e-4	709936880	2342339	37
c <- sample_n(x, 100)	0.007131275999995523	0.007133007049560547	709936880	2342339	37
"d <- filter(x, PERSONS == ""06"")"	0.09972362099999543	0.09972596168518066	709936880	2342339	37
e <- group_by(x, STATE) %>% summarise(avg_TOTPUM5 = mean(TOTPUMA5))	0.1291081680000019	0.12911081314086914	709936880	2342339	37
