exprs	process	real	size	rows	cols	max_memory
({ })	3.1160000000252097e-6	5.0067901611328125e-6	709936880	2342339	37	6547431424
x <- read.fwf(file, widths = fields$width, col.names = fields$col_names)	1086.960334294	1087.3589103221893	709936880	2342339	37	6547431424
print(head(x, 10))	0.014854495000008683	0.015539407730102539	709936880	2342339	37	6547431424
a <- head(x)	7.253310000123747e-4	7.271766662597656e-4	709936880	2342339	37	6547431424
b <- tail(x)	7.156789999953617e-4	7.169246673583984e-4	709936880	2342339	37	6547431424
c <- x[sample(NROW(x), 100), ]	0.002534776999937094	0.0025365352630615234	709936880	2342339	37	6547431424
"d <- x[x$PERSONS == ""06"", ]"	0.2243618760001027	0.2243638038635254	709936880	2342339	37	6547431424
e <- tapply(x$TOTPUMA5, x$STATE, mean)	0.12230651899994882	0.12230896949768066	709936880	2342339	37	6547431424
