exprs	process	real	size	rows	cols	max_memory
({ library(readr) library(dplyr) })	0.15694523899999968	0.24758338928222656	709936880	2342339	37	6016466944
x <- read_fwf(file, fields, col_types = types)	25.159475387999997	26.05982756614685	709936880	2342339	37	6016466944
print(x)	0.09263160200000087	0.1422865390777588	709936880	2342339	37	6016466944
a <- head(x)	3.707710000000475e-4	3.7169456481933594e-4	709936880	2342339	37	6016466944
b <- tail(x)	3.9977499999821475e-4	4.0078163146972656e-4	709936880	2342339	37	6016466944
c <- sample_n(x, 100)	0.007195767000002462	0.018102169036865234	709936880	2342339	37	6016466944
"d <- filter(x, PERSONS == ""06"")"	0.09883572600000079	0.0988457202911377	709936880	2342339	37	6016466944
e <- group_by(x, STATE) %>% summarise(avg_TOTPUM5 = mean(TOTPUMA5))	0.13757190900000182	0.1609177589416504	709936880	2342339	37	6016466944
