exprs	process	real	size	rows	cols	max_memory
({ })	6.000000000061512e-6	7.601920515298843e-6	301000	999	37	85000192
x <- read.fwf(file, widths = fields$width, col.names = fields$col_names)	1.312417	1.54553764895536	301000	999	37	85000192
print(head(x, 10))	0.03560500000000033	0.0397026629652828	301000	999	37	85000192
a <- head(x)	0.001562999999999981	0.0015639920020475984	301000	999	37	85000192
b <- tail(x)	0.0014890000000002956	0.0014919950626790524	301000	999	37	85000192
c <- x[sample(NROW(x), 100), ]	0.001911000000000218	0.0019136399496346712	301000	999	37	85000192
"d <- x[x$PERSONS == ""06"", ]"	0.0019040000000001278	0.0019109490094706416	301000	999	37	85000192
e <- tapply(x$TOTPUMA5, x$STATE, mean)	9.449999999997516e-4	9.477681014686823e-4	301000	999	37	85000192
