exprs	process	real	size	rows	cols
({ })	2.789999999919246e-6	4.76837158203125e-6	709936880	2342339	37
x <- read.fwf(file, widths = fields$width, col.names = fields$col_names)	960.80623664	961.6078932285309	709936880	2342339	37
print(head(x, 10))	0.013934923999954663	0.013949155807495117	709936880	2342339	37
a <- head(x)	7.007840000596843e-4	7.01904296875e-4	709936880	2342339	37
b <- tail(x)	7.99505000031786e-4	0.0014598369598388672	709936880	2342339	37
c <- x[sample(NROW(x), 100), ]	0.0065641779999623395	0.006566047668457031	709936880	2342339	37
"d <- x[x$PERSONS == ""06"", ]"	0.27985566699999254	0.2798581123352051	709936880	2342339	37
e <- tapply(x$TOTPUMA5, x$STATE, mean)	0.11023350699997536	0.11024618148803711	709936880	2342339	37
