exprs	process	real	size	rows	cols	max_memory
({ })	3.7399999999188083e-6	6.198883056640625e-6	709936880	2342339	37	6624096256
x <- read.fwf(file, widths = fields$width, col.names = fields$col_names)	1080.478229221	1080.5571458339691	709936880	2342339	37	6624096256
print(head(x, 10))	0.01450018899981842	0.015221357345581055	709936880	2342339	37	6624096256
a <- head(x)	7.942390000152955e-4	7.958412170410156e-4	709936880	2342339	37	6624096256
b <- tail(x)	0.0010108820001732965	0.0010120868682861328	709936880	2342339	37	6624096256
c <- x[sample(NROW(x), 100), ]	0.0029805969998051296	0.0029823780059814453	709936880	2342339	37	6624096256
"d <- x[x$PERSONS == ""06"", ]"	0.4967163139999684	0.4967329502105713	709936880	2342339	37	6624096256
e <- tapply(x$TOTPUMA5, x$STATE, mean)	0.08914936399992257	0.08915209770202637	709936880	2342339	37	6624096256
