exprs	process	real	size	rows	cols	max_memory
({ library(readr) library(dplyr) })	0.2706152409999998	0.270618200302124	709936880	2342339	37	6074400768
x <- read_fwf(file, fields, col_types = types)	29.611535339	29.612384557724	709936880	2342339	37	6074400768
print(x)	0.10323556200000183	0.10323739051818848	709936880	2342339	37	6074400768
a <- head(x)	4.3816899999882253e-4	4.394054412841797e-4	709936880	2342339	37	6074400768
b <- tail(x)	6.37529999998776e-4	6.389617919921875e-4	709936880	2342339	37	6074400768
c <- sample_n(x, 100)	0.0163554549999958	0.0163576602935791	709936880	2342339	37	6074400768
"d <- filter(x, PERSONS == ""06"")"	0.09570136300000343	0.0957033634185791	709936880	2342339	37	6074400768
e <- group_by(x, STATE) %>% summarise(avg_TOTPUM5 = mean(TOTPUMA5))	0.09555226600000566	0.09555387496948242	709936880	2342339	37	6074400768
