exprs	process	real	size	rows	cols	max_memory
({ library(readr) library(dplyr) })	0.31146399999999985	0.3494316979777068	301000	999	37	110256128
x <- read_fwf(file, fields, col_types = types)	0.034748	0.03640984196681529	301000	999	37	110256128
print(x)	0.2654510000000001	0.3018394859973341	301000	999	37	110256128
a <- head(x)	6.150000000000322e-4	6.166499806568027e-4	301000	999	37	110256128
b <- tail(x)	6.500000000000394e-4	6.514990236610174e-4	301000	999	37	110256128
c <- sample_n(x, 100)	0.0022170000000001355	0.002218731911852956	301000	999	37	110256128
"d <- filter(x, PERSONS == ""06"")"	0.0010410000000000696	0.0010424429783597589	301000	999	37	110256128
e <- group_by(x, STATE) %>% summarise(avg_TOTPUM5 = mean(TOTPUMA5))	0.004709999999999992	0.0047121510142460465	301000	999	37	110256128
