exprs	process	real	size	rows	cols
library(vroom)	5.247200000013663e-5	5.435943603515625e-5	709936880	2342339	37
x <- vroom_fwf(file, fields, col_types = types)	0.1469729799999997	0.14697551727294922	709936880	2342339	37
print(head(x, 10))	0.20893523000000025	0.2077805995941162	709936880	2342339	37
a <- head(x)	4.7096099999999197e-4	4.7206878662109375e-4	709936880	2342339	37
b <- tail(x)	4.3002299999983506e-4	4.31060791015625e-4	709936880	2342339	37
c <- x[sample(NROW(x), 100), ]	0.005772531999999941	0.005774021148681641	709936880	2342339	37
"d <- x[x$PERSONS == ""06"", ]"	0.47825834999999994	0.4782702922821045	709936880	2342339	37
e <- tapply(x$TOTPUMA5, x$STATE, mean)	1.8476667620000002	1.601982831954956	709936880	2342339	37
