exprs	process	real	size	rows	cols	max_memory
({ library(vroom) library(dplyr) })	0.09028561000000002	0.09028792381286621	709936880	2342339	37	5742137344
x <- vroom_fwf(file, fields, col_types = types, altrep_opts = FALSE)	27.669876774000002	14.453501462936401	709936880	2342339	37	5742137344
print(x)	0.11502276799999933	0.11502432823181152	709936880	2342339	37	5742137344
a <- head(x)	3.7159200000047576e-4	3.7288665771484375e-4	709936880	2342339	37	5742137344
b <- tail(x)	3.8261299999931e-4	3.8361549377441406e-4	709936880	2342339	37	5742137344
c <- sample_n(x, 100)	0.0068631490000008455	0.0068645477294921875	709936880	2342339	37	5742137344
"d <- filter(x, PERSONS == ""06"")"	0.1715002609999985	0.17151260375976562	709936880	2342339	37	5742137344
e <- group_by(x, STATE) %>% summarise(avg_TOTPUM5 = mean(TOTPUMA5))	0.5240725709999978	0.5240747928619385	709936880	2342339	37	5742137344
