exprs	process	real	size	rows	cols	max_memory
({ library(vroom) library(dplyr) })	0.07681196200000029	0.07682561874389648	709936880	2342339	37	4365119488
x <- vroom_fwf(file, fields, col_types = types)	0.15122310400000005	0.15085554122924805	709936880	2342339	37	4365119488
print(x)	0.105313341	0.10442686080932617	709936880	2342339	37	4365119488
a <- head(x)	6.180129999999728e-4	6.194114685058594e-4	709936880	2342339	37	4365119488
b <- tail(x)	7.585800000002862e-4	7.598400115966797e-4	709936880	2342339	37	4365119488
c <- sample_n(x, 100)	0.0540095570000001	0.05401182174682617	709936880	2342339	37	4365119488
"d <- filter(x, PERSONS == ""06"")"	0.2797528309999997	0.2797551155090332	709936880	2342339	37	4365119488
e <- group_by(x, STATE) %>% summarise(avg_TOTPUM5 = mean(TOTPUMA5))	1.1206957709999998	1.1207211017608643	709936880	2342339	37	4365119488
