exprs	process	real	size	rows	cols	max_memory
library(vroom)	7.52309999998424e-5	7.796287536621094e-5	709936880	2342339	37	4989079552
x <- vroom_fwf(file, fields, col_types = types)	0.16403843000000018	0.16362786293029785	709936880	2342339	37	4989079552
print(head(x, 10))	0.056157112999999814	0.05505537986755371	709936880	2342339	37	4989079552
a <- head(x)	5.586259999996734e-4	5.600452423095703e-4	709936880	2342339	37	4989079552
b <- tail(x)	8.067250000003412e-4	8.080005645751953e-4	709936880	2342339	37	4989079552
c <- x[sample(NROW(x), 100), ]	0.00669999900000029	0.006701469421386719	709936880	2342339	37	4989079552
"d <- x[x$PERSONS == ""06"", ]"	0.284221665	0.2842233180999756	709936880	2342339	37	4989079552
e <- tapply(x$TOTPUMA5, x$STATE, mean)	2.1088666509999996	1.7768657207489014	709936880	2342339	37	4989079552
