exprs	process	real	size	rows	cols	max_memory
library(vroom)	4.7323999999626665e-5	4.9114227294921875e-5	709936880	2342339	37	4268769280
x <- vroom_fwf(file, fields, col_types = types)	0.143482997	0.14348554611206055	709936880	2342339	37	4268769280
print(head(x, 10))	0.1689407580000002	0.16776347160339355	709936880	2342339	37	4268769280
a <- head(x)	5.069440000000647e-4	5.080699920654297e-4	709936880	2342339	37	4268769280
b <- tail(x)	5.154910000002566e-4	5.164146423339844e-4	709936880	2342339	37	4268769280
c <- x[sample(NROW(x), 100), ]	0.0057397320000003305	0.0057408809661865234	709936880	2342339	37	4268769280
"d <- x[x$PERSONS == ""06"", ]"	0.4815055610000001	0.48152971267700195	709936880	2342339	37	4268769280
e <- tapply(x$TOTPUMA5, x$STATE, mean)	1.7629961919999997	1.5348095893859863	709936880	2342339	37	4268769280
