exprs	process	real	size	rows	cols	max_memory
({ library(vroom) library(dplyr) })	0.13593199999999994	0.17037511302623898	301000	999	37	96079872
x <- vroom_fwf(file, fields, col_types = types)	0.013850999999999947	0.013881054939702153	301000	999	37	96079872
print(x)	0.334626	0.36632286792155355	301000	999	37	96079872
a <- head(x)	0.0015050000000000896	0.0017512800404801965	301000	999	37	96079872
b <- tail(x)	0.0014550000000002061	0.0015819149557501078	301000	999	37	96079872
c <- sample_n(x, 100)	0.05926399999999998	0.03731925506144762	301000	999	37	96079872
"d <- filter(x, PERSONS == ""06"")"	0.0019959999999998868	0.002412896021269262	301000	999	37	96079872
e <- group_by(x, STATE) %>% summarise(avg_TOTPUM5 = mean(TOTPUMA5))	0.006311999999999873	0.00978683796711266	301000	999	37	96079872
