exprs	process	real	size	rows	cols	max_memory
({ library(vroom) library(dplyr) })	0.13263999999999998	0.14648782298900187	301000	999	37	107839488
x <- vroom_fwf(file, fields, col_types = types, altrep_opts = FALSE)	0.10947000000000007	0.11760661704465747	301000	999	37	107839488
print(x)	0.34632600000000013	0.42188035300932825	301000	999	37	107839488
a <- head(x)	5.410000000001247e-4	0.0010694500524550676	301000	999	37	107839488
b <- tail(x)	6.599999999998829e-4	0.0013978459173813462	301000	999	37	107839488
c <- sample_n(x, 100)	0.002315000000000067	0.005045252037234604	301000	999	37	107839488
"d <- filter(x, PERSONS == ""06"")"	0.0011849999999999916	0.005368140991777182	301000	999	37	107839488
e <- group_by(x, STATE) %>% summarise(avg_TOTPUM5 = mean(TOTPUMA5))	0.004906999999999995	0.016263885074295104	301000	999	37	107839488
