exprs	process	real	size	rows	cols	max_memory
library(vroom)	7.183900000007348e-5	7.367134094238281e-5	709936880	2342339	37	4988854272
x <- vroom_fwf(file, fields, col_types = types)	0.16536784300000007	0.16501283645629883	709936880	2342339	37	4988854272
print(head(x, 10))	0.05615264899999994	0.05510759353637695	709936880	2342339	37	4988854272
a <- head(x)	6.421749999998561e-4	6.432533264160156e-4	709936880	2342339	37	4988854272
b <- tail(x)	8.498380000001582e-4	8.513927459716797e-4	709936880	2342339	37	4988854272
c <- x[sample(NROW(x), 100), ]	0.006727457000000214	0.0067288875579833984	709936880	2342339	37	4988854272
"d <- x[x$PERSONS == ""06"", ]"	0.7757471049999998	0.7757494449615479	709936880	2342339	37	4988854272
e <- tapply(x$TOTPUMA5, x$STATE, mean)	4.83478051	4.590718030929565	709936880	2342339	37	4988854272
