exprs	process	real	size	rows	cols	max_memory
({ library(vroom) library(dplyr) })	0.08415583800000004	0.08415937423706055	709936880	2342339	37	4959973376
x <- vroom_fwf(file, fields, col_types = types)	0.48036085600000034	4.08577036857605	709936880	2342339	37	4959973376
print(x)	0.04824668199999982	0.047261714935302734	709936880	2342339	37	4959973376
a <- head(x)	0.0012502250000001602	0.0012516975402832031	709936880	2342339	37	4959973376
b <- tail(x)	7.526239999999795e-4	7.541179656982422e-4	709936880	2342339	37	4959973376
c <- sample_n(x, 100)	0.01531450500000009	0.015316486358642578	709936880	2342339	37	4959973376
"d <- filter(x, PERSONS == ""06"")"	0.7784122740000003	0.7784276008605957	709936880	2342339	37	4959973376
e <- group_by(x, STATE) %>% summarise(avg_TOTPUM5 = mean(TOTPUMA5))	3.2373754859999995	3.237449884414673	709936880	2342339	37	4959973376
