exprs	process	real	size	rows	cols
({ library(vroom) library(dplyr) })	0.07191377799999987	0.07191681861877441	709936880	2342339	37
x <- vroom_fwf(file, fields, col_types = types, altrep_opts = FALSE)	29.193332918000003	15.277854204177856	709936880	2342339	37
print(x)	0.1392104819999993	0.13921284675598145	709936880	2342339	37
a <- head(x)	3.558830000010005e-4	3.5691261291503906e-4	709936880	2342339	37
b <- tail(x)	3.764440000004754e-4	3.7741661071777344e-4	709936880	2342339	37
c <- sample_n(x, 100)	0.006961436000000987	0.0069637298583984375	709936880	2342339	37
"d <- filter(x, PERSONS == ""06"")"	0.17437055800000323	0.17438483238220215	709936880	2342339	37
e <- group_by(x, STATE) %>% summarise(avg_TOTPUM5 = mean(TOTPUMA5))	0.5263834630000019	0.5263867378234863	709936880	2342339	37
