exprs	process	real	size	rows	cols	max_memory
library(vroom)	8.308000000001314e-5	8.511543273925781e-5	709936880	2342339	37	4355756032
x <- vroom_fwf(file, fields, col_types = types)	0.14824166299999986	0.14790654182434082	709936880	2342339	37	4355756032
print(head(x, 10))	0.10372743700000031	0.10286331176757812	709936880	2342339	37	4355756032
a <- head(x)	6.065490000000118e-4	6.079673767089844e-4	709936880	2342339	37	4355756032
b <- tail(x)	7.554450000002433e-4	7.567405700683594e-4	709936880	2342339	37	4355756032
c <- x[sample(NROW(x), 100), ]	0.005646191999999939	0.005647897720336914	709936880	2342339	37	4355756032
"d <- x[x$PERSONS == ""06"", ]"	0.24867304999999984	0.24867510795593262	709936880	2342339	37	4355756032
e <- tapply(x$TOTPUMA5, x$STATE, mean)	1.9484128569999997	1.7138500213623047	709936880	2342339	37	4355756032
