exprs	process	real	size	rows	cols	max_memory
({ library(vroom) library(dplyr) })	0.08015654499999991	0.08015990257263184	709936880	2342339	37	6397005824
x <- vroom_fwf(file, fields, col_types = types, altrep_opts = FALSE)	34.306891702	14.682522296905518	709936880	2342339	37	6397005824
print(x)	0.04313145500000104	0.04313325881958008	709936880	2342339	37	6397005824
a <- head(x)	8.676749999949607e-4	8.692741394042969e-4	709936880	2342339	37	6397005824
b <- tail(x)	5.269520000013017e-4	5.283355712890625e-4	709936880	2342339	37	6397005824
c <- sample_n(x, 100)	0.01451422600000285	0.014516115188598633	709936880	2342339	37	6397005824
"d <- filter(x, PERSONS == ""06"")"	0.4679828829999977	0.46799564361572266	709936880	2342339	37	6397005824
e <- group_by(x, STATE) %>% summarise(avg_TOTPUM5 = mean(TOTPUMA5))	0.09054751499999725	0.09055042266845703	709936880	2342339	37	6397005824
