exprs	process	real	size	rows	cols	max_memory
({ library(vroom) library(dplyr) })	0.135007	0.15471037197858095	301000	999	37	108109824
x <- vroom_fwf(file, fields, col_types = types, altrep_opts = FALSE)	0.10885999999999996	0.13213772792369127	301000	999	37	108109824
print(x)	0.35053100000000015	0.40147775900550187	301000	999	37	108109824
a <- head(x)	5.720000000000169e-4	5.741980858147144e-4	301000	999	37	108109824
b <- tail(x)	5.429999999999602e-4	5.452890181913972e-4	301000	999	37	108109824
c <- sample_n(x, 100)	0.001978999999999953	0.0020078469533473253	301000	999	37	108109824
"d <- filter(x, PERSONS == ""06"")"	0.001064000000000176	0.0010655709775164723	301000	999	37	108109824
e <- group_by(x, STATE) %>% summarise(avg_TOTPUM5 = mean(TOTPUMA5))	0.004593999999999987	0.005197582067921758	301000	999	37	108109824
