exprs	process	real	size	rows	cols	max_memory
library(vroom)	9.700000000001374e-5	2.975770039483905e-4	301000	999	37	80449536
x <- vroom_fwf(file, fields, col_types = types)	0.011463000000000001	0.013251579948700964	301000	999	37	80449536
print(head(x, 10))	0.30528500000000003	0.334121118998155	301000	999	37	80449536
a <- head(x)	0.001443000000000083	0.0016908759716898203	301000	999	37	80449536
b <- tail(x)	0.0014280000000002069	0.0014294509310275316	301000	999	37	80449536
c <- x[sample(NROW(x), 100), ]	0.0030449999999999644	0.003390153986401856	301000	999	37	80449536
"d <- x[x$PERSONS == ""06"", ]"	0.002758000000000038	0.002759830094873905	301000	999	37	80449536
e <- tapply(x$TOTPUMA5, x$STATE, mean)	0.005819000000000019	0.005122761940583587	301000	999	37	80449536
