exprs	process	real	size	rows	cols	max_memory
({ library(vroom) library(dplyr) })	0.0903520160000002	0.09036135673522949	709936880	2342339	37	5661806592
x <- vroom_fwf(file, fields, col_types = types)	0.2667547539999999	4.124994277954102	709936880	2342339	37	5661806592
print(x)	0.14825223799999998	0.14700579643249512	709936880	2342339	37	5661806592
a <- head(x)	5.704749999999592e-4	5.717277526855469e-4	709936880	2342339	37	5661806592
b <- tail(x)	5.131959999999935e-4	5.142688751220703e-4	709936880	2342339	37	5661806592
c <- sample_n(x, 100)	15.711137811000002	2.738243341445923	709936880	2342339	37	5661806592
"d <- filter(x, PERSONS == ""06"")"	0.41840046600000136	0.41840267181396484	709936880	2342339	37	5661806592
e <- group_by(x, STATE) %>% summarise(avg_TOTPUM5 = mean(TOTPUMA5))	0.45384224600000067	0.4538450241088867	709936880	2342339	37	5661806592
