exprs	process	real	size	rows	cols	max_memory
({ library(vroom) library(dplyr) })	0.0844259919999999	0.08442902565002441	709936880	2342339	37	6396960768
x <- vroom_fwf(file, fields, col_types = types, altrep_opts = FALSE)	29.829398516	15.110180377960205	709936880	2342339	37	6396960768
print(x)	0.04421480300000269	0.04421663284301758	709936880	2342339	37	6396960768
a <- head(x)	9.780359999993493e-4	9.799003601074219e-4	709936880	2342339	37	6396960768
b <- tail(x)	5.572270000016033e-4	5.588531494140625e-4	709936880	2342339	37	6396960768
c <- sample_n(x, 100)	0.015172513999999637	0.015174627304077148	709936880	2342339	37	6396960768
"d <- filter(x, PERSONS == ""06"")"	0.5153506329999971	0.5153622627258301	709936880	2342339	37	6396960768
e <- group_by(x, STATE) %>% summarise(avg_TOTPUM5 = mean(TOTPUMA5))	0.09343923500000528	0.09344220161437988	709936880	2342339	37	6396960768
