exprs	process	real	size	rows	cols	max_memory
({ library(vroom) library(dplyr) })	0.12983199999999995	0.13591888104565442	301000	999	37	96530432
x <- vroom_fwf(file, fields, col_types = types)	0.013669000000000042	0.013816760038025677	301000	999	37	96530432
print(x)	0.330271	0.36924143601208925	301000	999	37	96530432
a <- head(x)	0.0014849999999999586	0.0015792670892551541	301000	999	37	96530432
b <- tail(x)	0.001558999999999866	0.0016001060139387846	301000	999	37	96530432
c <- sample_n(x, 100)	0.06031900000000001	0.04312995809596032	301000	999	37	96530432
"d <- filter(x, PERSONS == ""06"")"	0.0019359999999999378	0.002354454016312957	301000	999	37	96530432
e <- group_by(x, STATE) %>% summarise(avg_TOTPUM5 = mean(TOTPUMA5))	0.005917999999999868	0.00800552498549223	301000	999	37	96530432
