exprs	process	real	size	rows	cols
({ library(vroom) library(dplyr) })	0.06702468900000014	0.067028045654296875	709936880	2342339	37
x <- vroom_fwf(file, fields, col_types = types)	0.24638171799999986	6.284550189971924	709936880	2342339	37
print(x)	0.2127154090000003	0.21150803565979004	709936880	2342339	37
a <- head(x)	5.887689999997114e-4	5.900859832763672e-4	709936880	2342339	37
b <- tail(x)	5.254419999998206e-4	5.2642822265625e-4	709936880	2342339	37
c <- sample_n(x, 100)	16.391098467000003	2.7771506309509277	709936880	2342339	37
"d <- filter(x, PERSONS == ""06"")"	0.4151993609999991	0.4152109622955322	709936880	2342339	37
e <- group_by(x, STATE) %>% summarise(avg_TOTPUM5 = mean(TOTPUMA5))	0.49406468500000145	0.4940681457519531	709936880	2342339	37
