exprs	process	real	size	rows	cols	max_memory
({ library(vroom) library(dplyr) })	0.08314487400000026	0.08314847946166992	709936880	2342339	37	4959260672
x <- vroom_fwf(file, fields, col_types = types)	0.1629412410000004	0.16250014305114746	709936880	2342339	37	4959260672
print(x)	0.04872845899999989	0.047605037689208984	709936880	2342339	37	4959260672
a <- head(x)	0.001250199999999868	0.0012516975402832031	709936880	2342339	37	4959260672
b <- tail(x)	7.490030000001369e-4	0.00075054168701171875	709936880	2342339	37	4959260672
c <- sample_n(x, 100)	0.01527529800000016	0.01527714729309082	709936880	2342339	37	4959260672
"d <- filter(x, PERSONS == ""06"")"	0.305116822	0.30511975288391113	709936880	2342339	37	4959260672
e <- group_by(x, STATE) %>% summarise(avg_TOTPUM5 = mean(TOTPUMA5))	1.2913172750000004	1.2913398742675781	709936880	2342339	37	4959260672
