exprs	process	real	size	rows	cols	max_memory
library(data.table)	0.04565301700000002	0.04565620422363281	490798139	1000000	25	2904072192
"x <- fread(file, sep = ""\t"", quote = """", strip.white = FALSE, na.strings = NULL)"	1.321405838	0.23795413970947266	490798139	1000000	25	2904072192
print(x)	0.07659454899999996	0.012122631072998047	490798139	1000000	25	2904072192
a <- head(x)	2.456550000000668e-4	2.472400665283203e-4	490798139	1000000	25	2904072192
b <- tail(x)	2.0368099999990008e-4	2.048015594482422e-4	490798139	1000000	25	2904072192
c <- x[sample(NROW(x), 100), ]	0.03062285099999995	0.0026242733001708984	490798139	1000000	25	2904072192
d <- x[X1 > 3, ]	0.03306381000000003	0.005066871643066406	490798139	1000000	25	2904072192
e <- x[, .(mean(X1)), by = as.integer(X2)]	0.190749697	0.022741079330444336	490798139	1000000	25	2904072192
