exprs	process	real	size	rows	cols	max_memory
library(data.table)	0.05067038700000004	0.050673484802246094	490798139	1000000	25	2920148992
"x <- fread(file, sep = ""\t"", quote = """", strip.white = FALSE, na.strings = NULL)"	1.339093691	0.25513172149658203	490798139	1000000	25	2920148992
print(x)	0.012984569999999973	0.01298666000366211	490798139	1000000	25	2920148992
a <- head(x)	2.257949999999731e-4	0.00022745132446289062	490798139	1000000	25	2920148992
b <- tail(x)	1.8293999999974275e-4	1.842975616455078e-4	490798139	1000000	25	2920148992
c <- x[sample(NROW(x), 100), ]	0.0032215970000000205	0.0032236576080322266	490798139	1000000	25	2920148992
d <- x[X1 > 3, ]	0.00553502799999972	0.005329132080078125	490798139	1000000	25	2920148992
e <- x[, .(mean(X1)), by = as.integer(X2)]	0.15706757400000004	0.024374723434448242	490798139	1000000	25	2920148992
