exprs	process	real	size	rows	cols	max_memory
library(data.table)	0.10236100000000004	0.10647325695026666	4908477	10000	25	86831104
"x <- fread(file, sep = ""\t"", quote = """", strip.white = FALSE, na.strings = NULL)"	0.029444000000000026	0.04193029704038054	4908477	10000	25	86831104
print(x)	0.024731999999999976	0.025032163015566766	4908477	10000	25	86831104
a <- head(x)	0.001951000000000036	0.037045335047878325	4908477	10000	25	86831104
b <- tail(x)	0.0016180000000000083	0.002068856032565236	4908477	10000	25	86831104
c <- x[sample(NROW(x), 100), ]	0.0022889999999999855	0.0022927290992811322	4908477	10000	25	86831104
d <- x[X1 > 3, ]	0.0017889999999999295	0.027019995031878352	4908477	10000	25	86831104
e <- x[, .(mean(X1)), by = as.integer(X2)]	0.003010000000000068	0.002989336964674294	4908477	10000	25	86831104
