exprs	process	real	size	rows	cols	max_memory
library(data.table)	0.10520199999999996	0.11073011299595237	4908477	10000	25	87785472
"x <- fread(file, sep = ""\t"", quote = """", strip.white = FALSE, na.strings = NULL)"	0.03233900000000001	0.029774634982459247	4908477	10000	25	87785472
print(x)	0.026214999999999933	0.08815594296902418	4908477	10000	25	87785472
a <- head(x)	0.0019890000000000185	0.0026611509965732694	4908477	10000	25	87785472
b <- tail(x)	0.001830999999999916	0.0017540809931233525	4908477	10000	25	87785472
c <- x[sample(NROW(x), 100), ]	0.002642000000000033	0.0025465619983151555	4908477	10000	25	87785472
d <- x[X1 > 3, ]	0.0017540000000000333	0.0017644879408180714	4908477	10000	25	87785472
e <- x[, .(mean(X1)), by = as.integer(X2)]	0.003610000000000002	0.02732581296004355	4908477	10000	25	87785472
