exprs	process	real	size	rows	cols	max_memory
library(data.table)	0.04736018200000003	0.0473628044128418	490798139	1000000	25	3210526720
"x <- fread(file, sep = ""\t"", quote = """", strip.white = FALSE, na.strings = NULL)"	1.374222706	0.24350786209106445	490798139	1000000	25	3210526720
print(x)	0.0796723880000001	0.012551307678222656	490798139	1000000	25	3210526720
a <- head(x)	2.5274000000008456e-4	2.541542053222656e-4	490798139	1000000	25	3210526720
b <- tail(x)	2.1569000000010163e-4	2.167224884033203e-4	490798139	1000000	25	3210526720
c <- x[sample(NROW(x), 100), ]	0.030790499000000082	0.0027925968170166016	490798139	1000000	25	3210526720
d <- x[X1 > 3, ]	0.03305017500000007	0.005051851272583008	490798139	1000000	25	3210526720
e <- x[, .(mean(X1)), by = as.integer(X2)]	0.1918302620000003	0.023820161819458008	490798139	1000000	25	3210526720
