exprs	process	real	size	rows	cols
library(data.table)	0.05053987799999993	0.050543785095214844	490798139	1000000	25
"x <- fread(file, sep = ""\t"", quote = """", strip.white = FALSE, na.strings = NULL)"	1.399334632	0.2666928768157959	490798139	1000000	25
print(x)	0.06647644699999988	0.012063026428222656	490798139	1000000	25
a <- head(x)	0.028280415999999864	2.830028533935547e-4	490798139	1000000	25
b <- tail(x)	2.2055400000020597e-4	0.00022172927856445312	490798139	1000000	25
c <- x[sample(NROW(x), 100), ]	0.002787926999999968	0.0027899742126464844	490798139	1000000	25
d <- x[X1 > 3, ]	0.06111937799999989	0.005120515823364258	490798139	1000000	25
e <- x[, .(mean(X1)), by = as.integer(X2)]	0.19238284699999975	0.024374961853027344	490798139	1000000	25
