exprs	process	real	size	rows	cols	max_memory
library(data.table)	0.05468952100000002	0.054692745208740234	490798139	1000000	25	2836561920
"x <- fread(file, sep = ""\t"", quote = """", strip.white = FALSE, na.strings = NULL)"	1.3901119149999999	0.26245713233947754	490798139	1000000	25	2836561920
print(x)	0.06167917799999989	0.013152360916137695	490798139	1000000	25	2836561920
a <- head(x)	2.1441599999993954e-4	2.155303955078125e-4	490798139	1000000	25	2836561920
b <- tail(x)	1.8233299999970143e-4	1.8334388732910156e-4	490798139	1000000	25	2836561920
c <- x[sample(NROW(x), 100), ]	0.0028360920000003453	0.002837657928466797	490798139	1000000	25	2836561920
d <- x[X1 > 3, ]	0.00563372200000023	0.0053424835205078125	490798139	1000000	25	2836561920
e <- x[, .(mean(X1)), by = as.integer(X2)]	0.1488425900000001	0.024188518524169922	490798139	1000000	25	2836561920
