exprs	process	real	size	rows	cols	max_memory
({ library(readr) library(dplyr) })	0.29167879900000027	0.29169654846191406	490798139	1000000	25	3029180416
"x <- read_tsv(file, trim_ws = FALSE, quote = """", na = character())"	13.166018734	13.169164896011353	490798139	1000000	25	3029180416
print(x)	0.05752740299999992	0.06366515159606934	490798139	1000000	25	3029180416
a <- head(x)	0.0010926900000001183	0.0010938644409179688	490798139	1000000	25	3029180416
b <- tail(x)	4.885110000003579e-4	4.894733428955078e-4	490798139	1000000	25	3029180416
c <- sample_n(x, 100)	0.01532636399999987	0.015327692031860352	490798139	1000000	25	3029180416
d <- filter(x, X1 > 3)	0.01792574400000113	0.01792764663696289	490798139	1000000	25	3029180416
e <- group_by(x, as.integer(X2)) %>% summarise(avg_X1 = mean(X1))	0.05718012600000044	0.05718255043029785	490798139	1000000	25	3029180416
