exprs	process	real	size	rows	cols	max_memory
({ library(readr) library(dplyr) })	0.26544762	0.26796412467956543	490798139	1000000	25	3025739776
"x <- read_tsv(file, trim_ws = FALSE, quote = """", na = character())"	13.308658493	13.308800220489502	490798139	1000000	25	3025739776
print(x)	0.08441113900000019	0.08441281318664551	490798139	1000000	25	3025739776
a <- head(x)	1.419729999998509e-4	1.4281272888183594e-4	490798139	1000000	25	3025739776
b <- tail(x)	1.8301699999945242e-4	1.8405914306640625e-4	490798139	1000000	25	3025739776
c <- sample_n(x, 100)	0.0033731259999996155	0.003374338150024414	490798139	1000000	25	3025739776
d <- filter(x, X1 > 3)	0.011016779999998505	0.011018753051757812	490798139	1000000	25	3025739776
e <- group_by(x, as.integer(X2)) %>% summarise(avg_X1 = mean(X1))	0.03152625899999961	0.03152823448181152	490798139	1000000	25	3025739776
