exprs	process	real	size	rows	cols	max_memory
({ })	4.999999999977245e-6	7.115071639418602e-6	4908477	10000	25	107130880
"x <- read.delim(file, quote = """", na.strings = NULL, stringsAsFactors = FALSE)"	0.493818	0.5439093289896846	4908477	10000	25	107130880
print(head(x, 10))	0.044933	0.06017962796613574	4908477	10000	25	107130880
a <- head(x)	4.309999999999592e-4	4.3306092265993357e-4	4908477	10000	25	107130880
b <- tail(x)	4.709999999999992e-4	4.722569137811661e-4	4908477	10000	25	107130880
c <- x[sample(NROW(x), 100), ]	7.229999999999182e-4	7.262980798259377e-4	4908477	10000	25	107130880
d <- x[x$X1 > 3, ]	8.150000000000102e-4	8.166650077328086e-4	4908477	10000	25	107130880
e <- tapply(x$X1, as.integer(x$X2), mean)	0.0020879999999999788	0.002090212074108422	4908477	10000	25	107130880
