exprs	process	real	size	rows	cols
({ })	3.7600000000193035e-6	6.198883056640625e-6	490798139	1000000	25
"x <- read.delim(file, quote = """", na.strings = NULL, stringsAsFactors = FALSE)"	116.673831193	116.67460370063782	490798139	1000000	25
print(head(x, 10))	1.5154039309999945	1.5154290199279785	490798139	1000000	25
a <- head(x)	2.2205400000530062e-4	2.231597900390625e-4	490798139	1000000	25
b <- tail(x)	2.380800000025829e-4	2.391338348388672e-4	490798139	1000000	25
c <- x[sample(NROW(x), 100), ]	9.395820000008825e-4	9.415149688720703e-4	490798139	1000000	25
d <- x[x$X1 > 3, ]	4.800278409000001	4.800308465957642	490798139	1000000	25
e <- tapply(x$X1, as.integer(x$X2), mean)	0.038621411000008266	0.03862404823303223	490798139	1000000	25
