exprs	process	real	size	rows	cols	max_memory
({ })	3.5670000000376234e-6	6.198883056640625e-6	490798139	1000000	25	5142351872
"x <- read.delim(file, quote = """", na.strings = NULL, stringsAsFactors = FALSE)"	121.26323877200001	121.2655520439148	490798139	1000000	25	5142351872
print(head(x, 10))	1.4644459630000028	1.464484691619873	490798139	1000000	25	5142351872
a <- head(x)	2.7590199999849574e-4	2.770423889160156e-4	490798139	1000000	25	5142351872
b <- tail(x)	4.7012999999651583e-4	4.715919494628906e-4	490798139	1000000	25	5142351872
c <- x[sample(NROW(x), 100), ]	0.0011271959999987757	0.001129150390625	490798139	1000000	25	5142351872
d <- x[x$X1 > 3, ]	4.726984149000003	4.727063417434692	490798139	1000000	25	5142351872
e <- tapply(x$X1, as.integer(x$X2), mean)	0.03683988999998178	0.03684234619140625	490798139	1000000	25	5142351872
