exprs	process	real	size	rows	cols	max_memory
({ library(readr) library(dplyr) })	0.574945	0.6518568900646642	4908477	10000	25	93405184
"x <- read_tsv(file, trim_ws = FALSE, quote = """", na = character())"	0.17118900000000015	0.20975018793251365	4908477	10000	25	93405184
print(x)	0.27015999999999996	0.32328289304859936	4908477	10000	25	93405184
a <- head(x)	2.629999999999022e-4	2.7426902670413256e-4	4908477	10000	25	93405184
b <- tail(x)	3.069999999998352e-4	3.0869501642882824e-4	4908477	10000	25	93405184
c <- sample_n(x, 100)	0.002115000000000089	0.0059525559190660715	4908477	10000	25	93405184
d <- filter(x, X1 > 3)	9.460000000001134e-4	9.48434928432107e-4	4908477	10000	25	93405184
e <- group_by(x, as.integer(X2)) %>% summarise(avg_X1 = mean(X1))	0.0067390000000000505	0.007467109942808747	4908477	10000	25	93405184
