exprs	process	real	size	rows	cols
({ library(readr) library(dplyr) })	0.2906160649999998	0.29331278800964355	490798139	1000000	25
"x <- read_tsv(file, trim_ws = FALSE, quote = """", na = character())"	13.006709632	13.006857633590698	490798139	1000000	25
print(x)	0.08977517599999985	0.08977746963500977	490798139	1000000	25
a <- head(x)	1.6555499999881818e-4	0.00016641616821289062	490798139	1000000	25
b <- tail(x)	1.6525800000088964e-4	1.6617774963378906e-4	490798139	1000000	25
c <- sample_n(x, 100)	0.0034014399999993117	0.0034029483795166016	490798139	1000000	25
d <- filter(x, X1 > 3)	0.011066699000000568	0.01106882095336914	490798139	1000000	25
e <- group_by(x, as.integer(X2)) %>% summarise(avg_X1 = mean(X1))	0.03155550699999843	0.03155779838562012	490798139	1000000	25
