exprs	process	real	size	rows	cols	max_memory
({ })	2.5429999999937447e-6	4.0531158447265625e-6	490798139	1000000	25	4596948992
"x <- read.delim(file, quote = """", na.strings = NULL, stringsAsFactors = FALSE)"	111.96534136000001	111.96607899665833	490798139	1000000	25	4596948992
print(head(x, 10))	1.4934070259999999	1.4934189319610596	490798139	1000000	25	4596948992
a <- head(x)	2.2881800001073316e-4	2.295970916748047e-4	490798139	1000000	25	4596948992
b <- tail(x)	2.3548599999401176e-4	2.3627281188964844e-4	490798139	1000000	25	4596948992
c <- x[sample(NROW(x), 100), ]	9.664040000103569e-4	9.684562683105469e-4	490798139	1000000	25	4596948992
d <- x[x$X1 > 3, ]	4.629321419999997	4.6293463706970215	490798139	1000000	25	4596948992
e <- tapply(x$X1, as.integer(x$X2), mean)	0.037937603999992575	0.03793978691101074	490798139	1000000	25	4596948992
