exprs	process	real	size	rows	cols	max_memory
({ })	3.1689999999695573e-6	5.0067901611328125e-6	490798139	1000000	25	5142343680
"x <- read.delim(file, quote = """", na.strings = NULL, stringsAsFactors = FALSE)"	111.410966158	111.41260313987732	490798139	1000000	25	5142343680
print(head(x, 10))	1.4099199399999947	1.4099228382110596	490798139	1000000	25	5142343680
a <- head(x)	2.753560000030575e-4	2.765655517578125e-4	490798139	1000000	25	5142343680
b <- tail(x)	4.943510000003926e-4	4.954338073730469e-4	490798139	1000000	25	5142343680
c <- x[sample(NROW(x), 100), ]	0.0011230939999933298	0.0011248588562011719	490798139	1000000	25	5142343680
d <- x[x$X1 > 3, ]	4.450478324000002	4.450565814971924	490798139	1000000	25	5142343680
e <- tapply(x$X1, as.integer(x$X2), mean)	0.03682857900000158	0.03683161735534668	490798139	1000000	25	5142343680
