exprs	process	real	size	rows	cols	max_memory
({ library(readr) library(dplyr) })	0.340225266	0.34284472465515137	490798139	1000000	25	3068801024
"x <- read_tsv(file, trim_ws = FALSE, quote = """", na = character())"	14.029764050999999	14.02998948097229	490798139	1000000	25	3068801024
print(x)	0.09627852999999931	0.09628057479858398	490798139	1000000	25	3068801024
a <- head(x)	2.238440000006392e-4	2.2482872009277344e-4	490798139	1000000	25	3068801024
b <- tail(x)	3.6804699999848367e-4	3.6907196044921875e-4	490798139	1000000	25	3068801024
c <- sample_n(x, 100)	0.010244061000001636	0.010246038436889648	490798139	1000000	25	3068801024
d <- filter(x, X1 > 3)	0.01562616999999733	0.01562809944152832	490798139	1000000	25	3068801024
e <- group_by(x, as.integer(X2)) %>% summarise(avg_X1 = mean(X1))	0.09887280699999934	0.09887480735778809	490798139	1000000	25	3068801024
