exprs	process	real	size	rows	cols	max_memory
({ })	3.0710000000766513e-6	5.4836273193359375e-6	490798139	1000000	25	5132492800
"x <- read.delim(file, quote = """", na.strings = NULL, stringsAsFactors = FALSE)"	118.672501352	118.67516374588013	490798139	1000000	25	5132492800
print(head(x, 10))	1.4510851739999993	1.4511420726776123	490798139	1000000	25	5132492800
a <- head(x)	2.7728700000295703e-4	2.7823448181152344e-4	490798139	1000000	25	5132492800
b <- tail(x)	4.6787300000517007e-4	4.6896934509277344e-4	490798139	1000000	25	5132492800
c <- x[sample(NROW(x), 100), ]	9.587480000021742e-4	0.00096035003662109375	490798139	1000000	25	5132492800
d <- x[x$X1 > 3, ]	4.672334520999996	4.672452688217163	490798139	1000000	25	5132492800
e <- tapply(x$X1, as.integer(x$X2), mean)	0.039098028000012164	0.03910040855407715	490798139	1000000	25	5132492800
