exprs	process	real	size	rows	cols	max_memory
({ library(readr) library(dplyr) })	0.6006259999999999	0.6934286270989105	4908477	10000	25	92200960
"x <- read_tsv(file, trim_ws = FALSE, quote = """", na = character())"	0.184701	0.22027571604121476	4908477	10000	25	92200960
print(x)	0.2917369999999999	0.34764106501825154	4908477	10000	25	92200960
a <- head(x)	2.52000000000141e-4	2.543360460549593e-4	4908477	10000	25	92200960
b <- tail(x)	2.910000000000412e-4	2.930279588326812e-4	4908477	10000	25	92200960
c <- sample_n(x, 100)	0.0020820000000001393	0.002129598055034876	4908477	10000	25	92200960
d <- filter(x, X1 > 3)	9.689999999999976e-4	9.713319595903158e-4	4908477	10000	25	92200960
e <- group_by(x, as.integer(X2)) %>% summarise(avg_X1 = mean(X1))	0.007691000000000114	0.025795523077249527	4908477	10000	25	92200960
