exprs	process	real	size	rows	cols	max_memory
({ })	2.7039999999090014e-6	4.76837158203125e-6	490798139	1000000	25	5132910592
"x <- read.delim(file, quote = """", na.strings = NULL, stringsAsFactors = FALSE)"	111.263658699	111.2644305229187	490798139	1000000	25	5132910592
print(head(x, 10))	1.4777083840000103	1.4777333736419678	490798139	1000000	25	5132910592
a <- head(x)	2.402329999995345e-4	2.410411834716797e-4	490798139	1000000	25	5132910592
b <- tail(x)	2.3103399999513385e-4	2.319812774658203e-4	490798139	1000000	25	5132910592
c <- x[sample(NROW(x), 100), ]	9.509380000025658e-4	9.524822235107422e-4	490798139	1000000	25	5132910592
d <- x[x$X1 > 3, ]	4.582979992000006	4.5830078125	490798139	1000000	25	5132910592
e <- tapply(x$X1, as.integer(x$X2), mean)	0.038303704000000494	0.03830599784851074	490798139	1000000	25	5132910592
