exprs	process	real	size	rows	cols	max_memory
({ library(readr) library(dplyr) })	0.28979776599999996	0.29233694076538086	490798139	1000000	25	2549567488
"x <- read_tsv(file, trim_ws = FALSE, quote = """", na = character())"	12.760046747	12.760169506072998	490798139	1000000	25	2549567488
print(x)	0.09570489999999943	0.09570670127868652	490798139	1000000	25	2549567488
a <- head(x)	1.34876999998923e-4	1.3566017150878906e-4	490798139	1000000	25	2549567488
b <- tail(x)	1.5463499999945896e-4	1.5544891357421875e-4	490798139	1000000	25	2549567488
c <- sample_n(x, 100)	0.004704721999999606	0.004706382751464844	490798139	1000000	25	2549567488
d <- filter(x, X1 > 3)	0.011345864999999122	0.011347770690917969	490798139	1000000	25	2549567488
e <- group_by(x, as.integer(X2)) %>% summarise(avg_X1 = mean(X1))	0.0332232819999998	0.03322553634643555	490798139	1000000	25	2549567488
