exprs	process	real	size	rows	cols	max_memory
({ library(readr) library(dplyr) })	0.2670424519999999	0.267045259475708	490798139	1000000	25	3029172224
"x <- read_tsv(file, trim_ws = FALSE, quote = """", na = character())"	13.121372993	13.124317646026611	490798139	1000000	25	3029172224
print(x)	0.0572878620000008	0.06383562088012695	490798139	1000000	25	3029172224
a <- head(x)	0.001062892000000204	0.001064300537109375	490798139	1000000	25	3029172224
b <- tail(x)	4.806849999994256e-4	4.818439483642578e-4	490798139	1000000	25	3029172224
c <- sample_n(x, 100)	0.015185605999999297	0.015187501907348633	490798139	1000000	25	3029172224
d <- filter(x, X1 > 3)	0.017675308999999473	0.01767706871032715	490798139	1000000	25	3029172224
e <- group_by(x, as.integer(X2)) %>% summarise(avg_X1 = mean(X1))	0.05443157900000095	0.05443406105041504	490798139	1000000	25	3029172224
