exprs	process	real	size	rows	cols	max_memory
library(vroom)	0.260321	0.34257854300085455	4908477	10000	25	87252992
"x <- vroom(file, trim_ws = FALSE, quote = """", escape_double = FALSE, na = cha..."	0.5095839999999999	0.30720613000448793	4908477	10000	25	87252992
print(x)	0.28925200000000006	0.35470892500597984	4908477	10000	25	87252992
a <- head(x)	2.469999999998862e-4	2.503570867702365e-4	4908477	10000	25	87252992
b <- tail(x)	2.88000000000066e-4	2.8923898935317993e-4	4908477	10000	25	87252992
c <- x[sample(NROW(x), 100), ]	4.710000000001102e-4	4.742270102724433e-4	4908477	10000	25	87252992
d <- x[x$X1 > 3, ]	7.250000000000867e-4	8.347039110958576e-4	4908477	10000	25	87252992
e <- tapply(x$X1, as.integer(x$X2), mean)	0.002002999999999977	0.002286828006617725	4908477	10000	25	87252992
