exprs	process	real	size	rows	cols	max_memory
library(vroom)	0.26295799999999997	0.30017253302503377	4908477	10000	25	93229056
"x <- vroom(file, trim_ws = FALSE, quote = """", escape_double = FALSE, na = cha..."	0.22958299999999998	0.23652439995203167	4908477	10000	25	93229056
print(x)	0.3099989999999999	0.3507196289720014	4908477	10000	25	93229056
a <- head(x)	4.8200000000009346e-4	4.850319819524884e-4	4908477	10000	25	93229056
b <- tail(x)	5.029999999999202e-4	5.050660111010075e-4	4908477	10000	25	93229056
c <- x[sample(NROW(x), 100), ]	7.589999999999542e-4	7.611450273543596e-4	4908477	10000	25	93229056
d <- x[x$X1 > 3, ]	0.013365000000000071	0.004221617942675948	4908477	10000	25	93229056
e <- tapply(x$X1, as.integer(x$X2), mean)	0.012997000000000147	0.019452627981081605	4908477	10000	25	93229056
