exprs	process	real	size	rows	cols	max_memory
library(vroom)	0.15469157999999997	0.15729045867919922	490798139	1000000	25	2916556800
"x <- vroom(file, trim_ws = FALSE, quote = """", escape_double = FALSE, na = cha..."	2.7043354419999996	0.3003215789794922	490798139	1000000	25	2916556800
print(x)	0.18808772399999985	0.18349742889404297	490798139	1000000	25	2916556800
a <- head(x)	1.979080000000799e-4	0.00019884109497070312	490798139	1000000	25	2916556800
b <- tail(x)	2.0458799999989452e-4	0.00020551681518554688	490798139	1000000	25	2916556800
c <- x[sample(NROW(x), 100), ]	0.0024735690000001753	0.0024747848510742188	490798139	1000000	25	2916556800
d <- x[x$X1 > 3, ]	0.26866345	0.055800676345825195	490798139	1000000	25	2916556800
e <- tapply(x$X1, as.integer(x$X2), mean)	0.27399116800000023	0.2740035057067871	490798139	1000000	25	2916556800
