exprs	process	real	size	rows	cols	max_memory
library(vroom)	0.144753613	0.14736509323120117	490798139	1000000	25	3443408896
"x <- vroom(file, trim_ws = FALSE, quote = """", escape_double = FALSE, na = cha..."	2.5163198130000004	0.2967970371246338	490798139	1000000	25	3443408896
print(x)	0.16902908299999986	0.16417670249938965	490798139	1000000	25	3443408896
a <- head(x)	1.9228800000004043e-4	1.9359588623046875e-4	490798139	1000000	25	3443408896
b <- tail(x)	1.861149999999867e-4	1.8715858459472656e-4	490798139	1000000	25	3443408896
c <- x[sample(NROW(x), 100), ]	0.0024290210000001977	0.0024302005767822266	490798139	1000000	25	3443408896
d <- x[x$X1 > 3, ]	0.25805161200000004	0.0549929141998291	490798139	1000000	25	3443408896
e <- tapply(x$X1, as.integer(x$X2), mean)	0.268394775	0.26839709281921387	490798139	1000000	25	3443408896
