exprs	process	real	size	rows	cols	max_memory
library(vroom)	0.1173157520000001	0.11993575096130371	490798139	1000000	25	2934616064
"x <- vroom(file, trim_ws = FALSE, quote = """", escape_double = FALSE, na = cha..."	8.880726531	1.1637189388275146	490798139	1000000	25	2934616064
print(x)	0.0878152029999999	0.08782839775085449	490798139	1000000	25	2934616064
a <- head(x)	2.1306400000042913e-4	0.00021409988403320312	490798139	1000000	25	2934616064
b <- tail(x)	3.768920000002396e-4	3.7789344787597656e-4	490798139	1000000	25	2934616064
c <- x[sample(NROW(x), 100), ]	0.0025812900000001804	0.002583026885986328	490798139	1000000	25	2934616064
d <- x[x$X1 > 3, ]	0.005762359000000217	0.005764484405517578	490798139	1000000	25	2934616064
e <- tapply(x$X1, as.integer(x$X2), mean)	0.09204321300000018	0.09204578399658203	490798139	1000000	25	2934616064
