exprs	process	real	size	rows	cols	max_memory
({ library(vroom) library(dplyr) })	0.521203	0.6048503080382943	4908477	10000	25	95227904
"x <- vroom(file, trim_ws = FALSE, quote = """", escape_double = FALSE, na = cha..."	0.1444709999999999	0.18756791099440306	4908477	10000	25	95227904
print(x)	0.3470709999999999	0.4265873950207606	4908477	10000	25	95227904
a <- head(x)	4.869999999999042e-4	4.899059422314167e-4	4908477	10000	25	95227904
b <- tail(x)	5.170000000001007e-4	5.193660035729408e-4	4908477	10000	25	95227904
c <- sample_n(x, 100)	0.286899	0.08637398004066199	4908477	10000	25	95227904
d <- filter(x, X1 > 3)	0.0011180000000001744	0.0011210499797016382	4908477	10000	25	95227904
e <- group_by(x, as.integer(X2)) %>% summarise(avg_X1 = mean(X1))	0.007085999999999926	0.007087916950695217	4908477	10000	25	95227904
