exprs	process	real	size	rows	cols	max_memory
library(vroom)	0.28064799999999995	0.2987482079770416	4908477	10000	25	88465408
"x <- vroom(file, trim_ws = FALSE, quote = """", escape_double = FALSE, na = cha..."	0.5243180000000001	0.332016394007951	4908477	10000	25	88465408
print(x)	0.295366	0.43907906010281295	4908477	10000	25	88465408
a <- head(x)	2.670000000000172e-4	2.7670501731336117e-4	4908477	10000	25	88465408
b <- tail(x)	3.0599999999991745e-4	3.096349537372589e-4	4908477	10000	25	88465408
c <- x[sample(NROW(x), 100), ]	4.549999999998722e-4	4.579889355227351e-4	4908477	10000	25	88465408
d <- x[x$X1 > 3, ]	7.380000000001274e-4	7.418799214065075e-4	4908477	10000	25	88465408
e <- tapply(x$X1, as.integer(x$X2), mean)	0.0021199999999998997	0.0021321760723367333	4908477	10000	25	88465408
