exprs	process	real	size	rows	cols	max_memory
({ library(vroom) library(dplyr) })	0.3227984810000002	0.3228015899658203	490798139	1000000	25	3531051008
"x <- vroom(file, trim_ws = FALSE, quote = """", escape_double = FALSE, na = cha..."	3.568695413	0.5620827674865723	490798139	1000000	25	3531051008
print(x)	0.0677353260000002	0.0648953914642334	490798139	1000000	25	3531051008
a <- head(x)	0.0010002660000001384	0.0010018348693847656	490798139	1000000	25	3531051008
b <- tail(x)	5.094760000003973e-4	5.106925964355469e-4	490798139	1000000	25	3531051008
c <- sample_n(x, 100)	0.014397123000000178	0.014399051666259766	490798139	1000000	25	3531051008
d <- filter(x, X1 > 3)	0.280783027	0.035102128982543945	490798139	1000000	25	3531051008
e <- group_by(x, as.integer(X2)) %>% summarise(avg_X1 = mean(X1))	0.44765107400000037	0.44765353202819824	490798139	1000000	25	3531051008
