exprs	process	real	size	rows	cols	max_memory
library(vroom)	0.11721923700000003	0.1198267936706543	490798139	1000000	25	3515240448
"x <- vroom(file, trim_ws = FALSE, quote = """", escape_double = FALSE, na = cha..."	2.5180922060000004	0.3448042869567871	490798139	1000000	25	3515240448
print(x)	0.1014660540000003	0.09847426414489746	490798139	1000000	25	3515240448
a <- head(x)	2.865930000002237e-4	2.875328063964844e-4	490798139	1000000	25	3515240448
b <- tail(x)	4.30811999999392e-4	4.317760467529297e-4	490798139	1000000	25	3515240448
c <- x[sample(NROW(x), 100), ]	0.002548588999999879	0.0025496482849121094	490798139	1000000	25	3515240448
d <- x[x$X1 > 3, ]	0.2405060180000005	0.025522947311401367	490798139	1000000	25	3515240448
e <- tapply(x$X1, as.integer(x$X2), mean)	0.23598599999999958	0.23598861694335938	490798139	1000000	25	3515240448
