exprs	process	real	size	rows	cols	max_memory
library(vroom)	0.22674703399999996	0.22675061225891113	490798139	1000000	25	2886311936
"x <- vroom(file, trim_ws = FALSE, quote = """", escape_double = FALSE, na = cha..."	9.917269908	1.325624942779541	490798139	1000000	25	2886311936
print(x)	0.04774370600000033	0.04775238037109375	490798139	1000000	25	2886311936
a <- head(x)	8.502769999996218e-4	0.00085163116455078125	490798139	1000000	25	2886311936
b <- tail(x)	4.878420000000716e-4	4.889965057373047e-4	490798139	1000000	25	2886311936
c <- x[sample(NROW(x), 100), ]	0.0028887550000007423	0.0028901100158691406	490798139	1000000	25	2886311936
d <- x[x$X1 > 3, ]	0.005902124000000342	0.005903720855712891	490798139	1000000	25	2886311936
e <- tapply(x$X1, as.integer(x$X2), mean)	0.054749883000001276	0.05475163459777832	490798139	1000000	25	2886311936
