exprs	process	real	size	rows	cols
({ library(vroom) library(dplyr) })	0.229229707	0.22924566268920898	490798139	1000000	25
"x <- vroom(file, trim_ws = FALSE, quote = """", escape_double = FALSE, na = cha..."	2.542523891	0.2694408893585205	490798139	1000000	25
print(x)	0.19661850000000047	0.1919996738433838	490798139	1000000	25
a <- head(x)	1.861759999997048e-4	0.00018739700317382812	490798139	1000000	25
b <- tail(x)	1.938539999999378e-4	1.9478797912597656e-4	490798139	1000000	25
c <- sample_n(x, 100)	6.78364537	0.8081798553466797	490798139	1000000	25
d <- filter(x, X1 > 3)	0.011282570999998853	0.011284589767456055	490798139	1000000	25
e <- group_by(x, as.integer(X2)) %>% summarise(avg_X1 = mean(X1))	0.03679427799999857	0.03679680824279785	490798139	1000000	25
