exprs	process	real	size	rows	cols	max_memory
library(vroom)	0.22593527800000013	0.2259387969970703	490798139	1000000	25	3523780608
"x <- vroom(file, trim_ws = FALSE, quote = """", escape_double = FALSE, na = cha..."	3.8099602220000004	0.5808789730072021	490798139	1000000	25	3523780608
print(x)	0.05762982400000016	0.05461859703063965	490798139	1000000	25	3523780608
a <- head(x)	9.245710000005403e-4	0.00092601776123046875	490798139	1000000	25	3523780608
b <- tail(x)	4.916189999999432e-4	4.928112030029297e-4	490798139	1000000	25	3523780608
c <- x[sample(NROW(x), 100), ]	0.0027541729999995823	0.0027556419372558594	490798139	1000000	25	3523780608
d <- x[x$X1 > 3, ]	0.2551561959999997	0.028618335723876953	490798139	1000000	25	3523780608
e <- tapply(x$X1, as.integer(x$X2), mean)	0.2509484510000002	0.25095057487487793	490798139	1000000	25	3523780608
