exprs	process	real	size	rows	cols	max_memory
({ library(vroom) library(dplyr) })	0.2972948229999999	0.29729771614074707	490798139	1000000	25	2957496320
"x <- vroom(file, trim_ws = FALSE, quote = """", escape_double = FALSE, na = cha..."	10.102860680000001	1.3375225067138672	490798139	1000000	25	2957496320
print(x)	0.04706370399999926	0.04706525802612305	490798139	1000000	25	2957496320
a <- head(x)	8.443339999999466e-4	8.456707000732422e-4	490798139	1000000	25	2957496320
b <- tail(x)	4.372789999997906e-4	4.3845176696777344e-4	490798139	1000000	25	2957496320
c <- sample_n(x, 100)	0.013971556000001328	0.013973236083984375	490798139	1000000	25	2957496320
d <- filter(x, X1 > 3)	0.01792857100000056	0.017930269241333008	490798139	1000000	25	2957496320
e <- group_by(x, as.integer(X2)) %>% summarise(avg_X1 = mean(X1))	0.045251213000000234	0.04525351524353027	490798139	1000000	25	2957496320
