exprs	process	real	size	rows	cols	max_memory
({ library(vroom) library(dplyr) })	0.256461024	0.25902533531188965	490798139	1000000	25	2410246144
"x <- vroom(file, trim_ws = FALSE, quote = """", escape_double = FALSE, na = cha..."	8.705695866	1.0860240459442139	490798139	1000000	25	2410246144
print(x)	0.12273012700000052	0.12273192405700684	490798139	1000000	25	2410246144
a <- head(x)	1.2779200000068158e-4	1.2874603271484375e-4	490798139	1000000	25	2410246144
b <- tail(x)	1.318169999997565e-4	1.327991485595703e-4	490798139	1000000	25	2410246144
c <- sample_n(x, 100)	0.00457881600000043	0.004580497741699219	490798139	1000000	25	2410246144
d <- filter(x, X1 > 3)	0.011365417000000377	0.011366844177246094	490798139	1000000	25	2410246144
e <- group_by(x, as.integer(X2)) %>% summarise(avg_X1 = mean(X1))	0.032227042000000594	0.032228946685791016	490798139	1000000	25	2410246144
