exprs	process	real	size	rows	cols	max_memory
({ library(vroom) library(dplyr) })	0.3344804690000003	0.3344917297363281	490798139	1000000	25	2957447168
"x <- vroom(file, trim_ws = FALSE, quote = """", escape_double = FALSE, na = cha..."	9.667377413	1.3233461380004883	490798139	1000000	25	2957447168
print(x)	0.0485457260000004	0.04854774475097656	490798139	1000000	25	2957447168
a <- head(x)	9.036170000005228e-4	0.00090503692626953125	490798139	1000000	25	2957447168
b <- tail(x)	4.6594199999994146e-4	4.673004150390625e-4	490798139	1000000	25	2957447168
c <- sample_n(x, 100)	0.014496353000000184	0.014498233795166016	490798139	1000000	25	2957447168
d <- filter(x, X1 > 3)	0.018156487999998916	0.018158435821533203	490798139	1000000	25	2957447168
e <- group_by(x, as.integer(X2)) %>% summarise(avg_X1 = mean(X1))	0.048211596999999884	0.04821372032165527	490798139	1000000	25	2957447168
