exprs	process	real	size	rows	cols
library(vroom)	0.12411219000000018	0.1241159439086914	490798139	1000000	25
"x <- vroom(file, trim_ws = FALSE, quote = """", escape_double = FALSE, na = cha..."	2.484799086	0.28591012954711914	490798139	1000000	25
print(x)	0.15799272300000045	0.15332961082458496	490798139	1000000	25
a <- head(x)	1.864779999998234e-4	0.00018739700317382812	490798139	1000000	25
b <- tail(x)	1.8945599999931062e-4	1.9097328186035156e-4	490798139	1000000	25
c <- x[sample(NROW(x), 100), ]	0.0024734420000003254	0.002474546432495117	490798139	1000000	25
d <- x[x$X1 > 3, ]	0.2837678170000002	0.0556032657623291	490798139	1000000	25
e <- tapply(x$X1, as.integer(x$X2), mean)	0.23038085600000002	0.23038339614868164	490798139	1000000	25
