exprs	process	real	size	rows	cols	max_memory
({ library(vroom) library(dplyr) })	0.256940997	0.2595219612121582	490798139	1000000	25	3184029696
"x <- vroom(file, trim_ws = FALSE, quote = """", escape_double = FALSE, na = cha..."	2.570769516	0.26959848403930664	490798139	1000000	25	3184029696
print(x)	0.202578033	0.1978285312652588	490798139	1000000	25	3184029696
a <- head(x)	2.112250000001481e-4	2.1195411682128906e-4	490798139	1000000	25	3184029696
b <- tail(x)	2.0065299999982855e-4	0.00020170211791992188	490798139	1000000	25	3184029696
c <- sample_n(x, 100)	6.055758619	0.8533201217651367	490798139	1000000	25	3184029696
d <- filter(x, X1 > 3)	0.011668974999999193	0.01167154312133789	490798139	1000000	25	3184029696
e <- group_by(x, as.integer(X2)) %>% summarise(avg_X1 = mean(X1))	0.039148689000001013	0.03915071487426758	490798139	1000000	25	3184029696
