exprs	process	real	size	rows	cols	max_memory
({ library(vroom) library(dplyr) })	0.24439518300000018	0.24700236320495605	490798139	1000000	25	2943705088
"x <- vroom(file, trim_ws = FALSE, quote = """", escape_double = FALSE, na = cha..."	8.426722374	1.0647120475769043	490798139	1000000	25	2943705088
print(x)	0.10618991700000002	0.10619163513183594	490798139	1000000	25	2943705088
a <- head(x)	1.2106200000161493e-4	1.220703125e-4	490798139	1000000	25	2943705088
b <- tail(x)	1.3899600000044643e-4	1.399517059326172e-4	490798139	1000000	25	2943705088
c <- sample_n(x, 100)	0.0032819850000009865	0.0032837390899658203	490798139	1000000	25	2943705088
d <- filter(x, X1 > 3)	0.010934286999999543	0.010936260223388672	490798139	1000000	25	2943705088
e <- group_by(x, as.integer(X2)) %>% summarise(avg_X1 = mean(X1))	0.03039488900000009	0.03039693832397461	490798139	1000000	25	2943705088
