exprs	process	real	size	rows	cols
library(vroom)	0.12301081399999991	0.12301421165466309	490798139	1000000	25
"x <- vroom(file, trim_ws = FALSE, quote = """", escape_double = FALSE, na = cha..."	9.257882087999999	1.172830581665039	490798139	1000000	25
print(x)	0.1126162879999999	0.11261820793151855	490798139	1000000	25
a <- head(x)	1.2368599999845742e-4	0.00012445449829101562	490798139	1000000	25
b <- tail(x)	0.00014168899999944529	0.00014257431030273438	490798139	1000000	25
c <- x[sample(NROW(x), 100), ]	0.0025097419999990933	0.0025115013122558594	490798139	1000000	25
d <- x[x$X1 > 3, ]	0.06326256100000016	0.06326508522033691	490798139	1000000	25
e <- tapply(x$X1, as.integer(x$X2), mean)	0.05578293000000123	0.055785179138183594	490798139	1000000	25
