exprs	process	real	size	rows	cols	max_memory
library(vroom)	0.24929350699999997	0.2492976188659668	490798139	1000000	25	3523829760
"x <- vroom(file, trim_ws = FALSE, quote = """", escape_double = FALSE, na = cha..."	3.722385242	0.5567684173583984	490798139	1000000	25	3523829760
print(x)	0.05928117399999966	0.05651450157165527	490798139	1000000	25	3523829760
a <- head(x)	0.00099582100000006335	9.97304916381836e-4	490798139	1000000	25	3523829760
b <- tail(x)	5.216030000001481e-4	5.22613525390625e-4	490798139	1000000	25	3523829760
c <- x[sample(NROW(x), 100), ]	0.002791302999999523	0.0027923583984375	490798139	1000000	25	3523829760
d <- x[x$X1 > 3, ]	0.2481136579999994	0.028351306915283203	490798139	1000000	25	3523829760
e <- tapply(x$X1, as.integer(x$X2), mean)	0.4655496260000005	0.46555209159851074	490798139	1000000	25	3523829760
