exprs	process	real	size	rows	cols
({ library(vroom) library(dplyr) })	0.23156992300000012	0.23157358169555664	490798139	1000000	25
"x <- vroom(file, trim_ws = FALSE, quote = """", escape_double = FALSE, na = cha..."	9.266075916999998	1.084101676940918	490798139	1000000	25
print(x)	0.11162072899999842	0.11162304878234863	490798139	1000000	25
a <- head(x)	1.3000799999929313e-4	1.308917999267578e-4	490798139	1000000	25
b <- tail(x)	1.501219999990866e-4	0.00015115737915039062	490798139	1000000	25
c <- sample_n(x, 100)	0.0033398590000004447	0.0033416748046875	490798139	1000000	25
d <- filter(x, X1 > 3)	0.011018802999998911	0.011020898818969727	490798139	1000000	25
e <- group_by(x, as.integer(X2)) %>% summarise(avg_X1 = mean(X1))	0.030824381999998707	0.030827999114990234	490798139	1000000	25
