exprs	process	real	size	rows	cols	max_memory
({ library(vroom) library(dplyr) })	0.502823	0.6615272759227082	4908477	10000	25	88485888
"x <- vroom(file, trim_ws = FALSE, quote = """", escape_double = FALSE, na = cha..."	0.4270020000000001	0.17494065000209957	4908477	10000	25	88485888
print(x)	0.33062100000000005	0.4262554650194943	4908477	10000	25	88485888
a <- head(x)	2.20000000000109e-4	2.2223708219826221e-4	4908477	10000	25	88485888
b <- tail(x)	2.670000000000172e-4	2.6953103952109814e-4	4908477	10000	25	88485888
c <- sample_n(x, 100)	0.0017860000000000653	0.0027860719710588455	4908477	10000	25	88485888
d <- filter(x, X1 > 3)	9.509999999999241e-4	9.529329836368561e-4	4908477	10000	25	88485888
e <- group_by(x, as.integer(X2)) %>% summarise(avg_X1 = mean(X1))	0.006369999999999987	0.006509276921860874	4908477	10000	25	88485888
