exprs	process	real	size	rows	cols	max_memory
library(vroom)	0.144295458	0.14693546295166016	490798139	1000000	25	2869248000
"x <- vroom(file, trim_ws = FALSE, quote = """", escape_double = FALSE, na = cha..."	8.920336023	1.1488358974456787	490798139	1000000	25	2869248000
print(x)	0.10120142499999929	0.10120344161987305	490798139	1000000	25	2869248000
a <- head(x)	1.0507300000028863e-4	1.0585784912109375e-4	490798139	1000000	25	2869248000
b <- tail(x)	1.3132800000015266e-4	1.323223114013672e-4	490798139	1000000	25	2869248000
c <- x[sample(NROW(x), 100), ]	0.002459943999999936	0.0024611949920654297	490798139	1000000	25	2869248000
d <- x[x$X1 > 3, ]	0.0572418129999992	0.057244062423706055	490798139	1000000	25	2869248000
e <- tapply(x$X1, as.integer(x$X2), mean)	0.05450440299999926	0.054506778717041016	490798139	1000000	25	2869248000
