exprs	process	real	size	rows	cols	max_memory
({ library(vroom) library(dplyr) })	0.49463700000000005	0.6514487409731373	4908477	10000	25	95748096
"x <- vroom(file, trim_ws = FALSE, quote = """", escape_double = FALSE, na = cha..."	0.144034	0.1165163959376514	4908477	10000	25	95748096
print(x)	0.3343520000000001	0.4093414939707145	4908477	10000	25	95748096
a <- head(x)	4.700000000001925e-4	4.709720378741622e-4	4908477	10000	25	95748096
b <- tail(x)	5.649999999999267e-4	7.443140493705869e-4	4908477	10000	25	95748096
c <- sample_n(x, 100)	0.27727100000000005	0.08408917393535376	4908477	10000	25	95748096
d <- filter(x, X1 > 3)	0.0011089999999998046	0.001111211022362113	4908477	10000	25	95748096
e <- group_by(x, as.integer(X2)) %>% summarise(avg_X1 = mean(X1))	0.006812999999999958	0.006816654000431299	4908477	10000	25	95748096
