exprs	process	real	size	rows	cols	max_memory
library(vroom)	0.2469182390000002	0.24692201614379883	490798139	1000000	25	2886160384
"x <- vroom(file, trim_ws = FALSE, quote = """", escape_double = FALSE, na = cha..."	9.775521096999999	1.3164198398590088	490798139	1000000	25	2886160384
print(x)	0.049051727000000156	0.04905390739440918	490798139	1000000	25	2886160384
a <- head(x)	9.16836000000032e-4	9.186267852783203e-4	490798139	1000000	25	2886160384
b <- tail(x)	4.704179999990288e-4	4.715919494628906e-4	490798139	1000000	25	2886160384
c <- x[sample(NROW(x), 100), ]	0.002945474999998865	0.0029468536376953125	490798139	1000000	25	2886160384
d <- x[x$X1 > 3, ]	0.0059859899999992194	0.005987644195556641	490798139	1000000	25	2886160384
e <- tapply(x$X1, as.integer(x$X2), mean)	0.056888852000000156	0.05689215660095215	490798139	1000000	25	2886160384
