exprs	process	real	size	rows	cols	max_memory
({ library(vroom) library(dplyr) })	0.29869805699999996	0.29870104789733887	490798139	1000000	25	3531214848
"x <- vroom(file, trim_ws = FALSE, quote = """", escape_double = FALSE, na = cha..."	3.8170653839999997	0.603179931640625	490798139	1000000	25	3531214848
print(x)	0.06604458400000013	0.06310796737670898	490798139	1000000	25	3531214848
a <- head(x)	9.071970000000817e-4	0.00090885162353515625	490798139	1000000	25	3531214848
b <- tail(x)	4.918530000006527e-4	0.00049304962158203125	490798139	1000000	25	3531214848
c <- sample_n(x, 100)	0.013811199000000052	0.013812541961669922	490798139	1000000	25	3531214848
d <- filter(x, X1 > 3)	0.2886524169999998	0.041882991790771484	490798139	1000000	25	3531214848
e <- group_by(x, as.integer(X2)) %>% summarise(avg_X1 = mean(X1))	0.23468923700000044	0.23469161987304688	490798139	1000000	25	3531214848
