exprs	process	real	size	rows	cols	max_memory
({ library(vroom) library(dplyr) })	0.24641415899999997	0.24912166595458984	490798139	1000000	25	3708088320
"x <- vroom(file, trim_ws = FALSE, quote = """", escape_double = FALSE, na = cha..."	2.3905504019999997	0.2600882053375244	490798139	1000000	25	3708088320
print(x)	0.17510568500000012	0.1704707145690918	490798139	1000000	25	3708088320
a <- head(x)	1.991300000003804e-4	2.0003318786621094e-4	490798139	1000000	25	3708088320
b <- tail(x)	1.9723200000054675e-4	1.9812583923339844e-4	490798139	1000000	25	3708088320
c <- sample_n(x, 100)	5.913449686000001	0.8298811912536621	490798139	1000000	25	3708088320
d <- filter(x, X1 > 3)	0.01123702900000012	0.011239051818847656	490798139	1000000	25	3708088320
e <- group_by(x, as.integer(X2)) %>% summarise(avg_X1 = mean(X1))	0.03759284200000046	0.037604570388793945	490798139	1000000	25	3708088320
