exprs	process	real	size	rows	cols	max_memory
({ library(vroom) library(dplyr) })	0.2753934040000001	0.2779972553253174	490798139	1000000	25	2942586880
"x <- vroom(file, trim_ws = FALSE, quote = """", escape_double = FALSE, na = cha..."	8.386556181	1.0187098979949951	490798139	1000000	25	2942586880
print(x)	0.09412815600000002	0.09413003921508789	490798139	1000000	25	2942586880
a <- head(x)	1.987410000001688e-4	1.995563507080078e-4	490798139	1000000	25	2942586880
b <- tail(x)	3.557199999999483e-4	3.5691261291503906e-4	490798139	1000000	25	2942586880
c <- sample_n(x, 100)	0.009742981000000484	0.009745121002197266	490798139	1000000	25	2942586880
d <- filter(x, X1 > 3)	0.015582798999998815	0.015585184097290039	490798139	1000000	25	2942586880
e <- group_by(x, as.integer(X2)) %>% summarise(avg_X1 = mean(X1))	0.04646394299999912	0.04646587371826172	490798139	1000000	25	2942586880
