exprs	process	real	size	rows	cols	max_memory
library(data.table)	0.054627557000000104	0.05463099479675293	1963219523	100000	1000	5863710720
"x <- fread(file, sep = ""\t"", quote = """", strip.white = FALSE, na.strings = NULL)"	5.87589931	1.3131842613220215	1963219523	100000	1000	5863710720
print(x)	0.10957445499999974	0.10957717895507812	1963219523	100000	1000	5863710720
a <- head(x)	6.039549999998783e-4	6.070137023925781e-4	1963219523	100000	1000	5863710720
b <- tail(x)	5.845450000006025e-4	5.862712860107422e-4	1963219523	100000	1000	5863710720
c <- x[sample(NROW(x), 100), ]	0.002959997999999686	0.0029625892639160156	1963219523	100000	1000	5863710720
d <- x[X1 > 3, ]	0.003376980000000529	0.0033791065216064453	1963219523	100000	1000	5863710720
e <- x[, .(mean(X1)), by = as.integer(X2)]	0.013645047999999882	0.0036716461181640625	1963219523	100000	1000	5863710720
