exprs	process	real	size	rows	cols	max_memory
library(data.table)	0.05249986699999987	0.05250287055969238	1963219523	100000	1000	5880000512
"x <- fread(file, sep = ""\t"", quote = """", strip.white = FALSE, na.strings = NULL)"	5.656039014	1.2880632877349854	1963219523	100000	1000	5880000512
print(x)	0.12722093499999954	0.12723159790039062	1963219523	100000	1000	5880000512
a <- head(x)	7.06979000000274e-4	7.0953369140625e-4	1963219523	100000	1000	5880000512
b <- tail(x)	6.059089999999046e-4	6.084442138671875e-4	1963219523	100000	1000	5880000512
c <- x[sample(NROW(x), 100), ]	0.00305354400000013	0.0030558109283447266	1963219523	100000	1000	5880000512
d <- x[X1 > 3, ]	0.0034376429999998237	0.0034394264221191406	1963219523	100000	1000	5880000512
e <- x[, .(mean(X1)), by = as.integer(X2)]	0.016054510000000022	0.003815889358520508	1963219523	100000	1000	5880000512
