exprs	process	real	size	rows	cols	max_memory
library(data.table)	0.047681678000000005	0.0476841926574707	1963219523	100000	1000	6225207296
"x <- fread(file, sep = ""\t"", quote = """", strip.white = FALSE, na.strings = NULL)"	5.988545306000001	1.3001368045806885	1963219523	100000	1000	6225207296
print(x)	0.24600546500000053	0.11160755157470703	1963219523	100000	1000	6225207296
a <- head(x)	0.009823758999999654	0.002507448196411133	1963219523	100000	1000	6225207296
b <- tail(x)	0.0025381230000007804	0.0025398731231689453	1963219523	100000	1000	6225207296
c <- x[sample(NROW(x), 100), ]	0.03108362600000092	0.0031108856201171875	1963219523	100000	1000	6225207296
d <- x[X1 > 3, ]	0.031035875999998908	0.0030181407928466797	1963219523	100000	1000	6225207296
e <- x[, .(mean(X1)), by = as.integer(X2)]	0.031226302000000317	0.0032324790954589844	1963219523	100000	1000	6225207296
