exprs	process	real	size	rows	cols	max_memory
library(data.table)	0.04609934900000001	0.046102285385131836	1963219523	100000	1000	5702365184
"x <- fread(file, sep = ""\t"", quote = """", strip.white = FALSE, na.strings = NULL)"	5.621044594000001	1.231560468673706	1963219523	100000	1000	5702365184
print(x)	0.2585321780000003	0.12482833862304688	1963219523	100000	1000	5702365184
a <- head(x)	0.018221258999999712	0.002447843551635742	1963219523	100000	1000	5702365184
b <- tail(x)	0.002414481999999829	0.0024161338806152344	1963219523	100000	1000	5702365184
c <- x[sample(NROW(x), 100), ]	0.031080500999999927	0.0030777454376220703	1963219523	100000	1000	5702365184
d <- x[X1 > 3, ]	0.031181528999999486	0.0031690597534179688	1963219523	100000	1000	5702365184
e <- x[, .(mean(X1)), by = as.integer(X2)]	0.031424208000000675	0.0034399032592773438	1963219523	100000	1000	5702365184
