exprs	process	real	size	rows	cols
library(data.table)	0.05043544600000005	0.050440073013305664	1963219523	100000	1000
"x <- fread(file, sep = ""\t"", quote = """", strip.white = FALSE, na.strings = NULL)"	5.875114435	1.316941261291504	1963219523	100000	1000
print(x)	0.23754639399999977	0.10386443138122559	1963219523	100000	1000
a <- head(x)	0.009274652000000216	0.002576112747192383	1963219523	100000	1000
b <- tail(x)	0.002548119000000071	0.002550363540649414	1963219523	100000	1000
c <- x[sample(NROW(x), 100), ]	0.003169887999998622	0.003172159194946289	1963219523	100000	1000
d <- x[X1 > 3, ]	0.031093839999998707	0.003085613250732422	1963219523	100000	1000
e <- x[, .(mean(X1)), by = as.integer(X2)]	0.031326925000000116	0.0033266544342041016	1963219523	100000	1000
