exprs	process	real	size	rows	cols	max_memory
library(data.table)	0.11191999999999996	0.11539404303766787	1963592	1000	100	83419136
"x <- fread(file, sep = ""\t"", quote = """", strip.white = FALSE, na.strings = NULL)"	0.016616999999999993	0.019366906955838203	1963592	1000	100	83419136
print(x)	0.05399599999999999	0.2226888380246237	1963592	1000	100	83419136
a <- head(x)	0.007920999999999956	0.11234537500422448	1963592	1000	100	83419136
b <- tail(x)	0.006488999999999967	0.028861028025858104	1963592	1000	100	83419136
c <- x[sample(NROW(x), 100), ]	0.007487999999999939	0.05498241994064301	1963592	1000	100	83419136
d <- x[X1 > 3, ]	0.006067999999999962	0.0060805740067735314	1963592	1000	100	83419136
e <- x[, .(mean(X1)), by = as.integer(X2)]	0.003183000000000047	0.04075464699417353	1963592	1000	100	83419136
