exprs	process	real	size	rows	cols	max_memory
library(data.table)	0.11633399999999999	0.12167306605260819	1963592	1000	100	82219008
"x <- fread(file, sep = ""\t"", quote = """", strip.white = FALSE, na.strings = NULL)"	0.017568999999999946	0.023787245037965477	1963592	1000	100	82219008
print(x)	0.05627700000000002	0.27598454407416284	1963592	1000	100	82219008
a <- head(x)	0.006932999999999967	0.0636124110314995	1963592	1000	100	82219008
b <- tail(x)	0.00668599999999997	0.034426434081979096	1963592	1000	100	82219008
c <- x[sample(NROW(x), 100), ]	0.007634999999999947	0.010918805026449263	1963592	1000	100	82219008
d <- x[X1 > 3, ]	0.007404999999999995	0.06959228892810643	1963592	1000	100	82219008
e <- x[, .(mean(X1)), by = as.integer(X2)]	0.0032519999999999216	0.00332115706987679	1963592	1000	100	82219008
