exprs	process	real	size	rows	cols	max_memory
({ })	2.7680000000973592e-6	4.291534423828125e-6	1963219523	100000	1000	15461482496
"x <- read.delim(file, quote = """", na.strings = NULL, stringsAsFactors = FALSE)"	522.984943822	522.98743724823	1963219523	100000	1000	15461482496
print(head(x, 10))	0.16653807599993797	0.1665480136871338	1963219523	100000	1000	15461482496
a <- head(x)	0.005809613999986141	0.0058171749114990234	1963219523	100000	1000	15461482496
b <- tail(x)	0.005688540999926772	0.0056896209716796875	1963219523	100000	1000	15461482496
c <- x[sample(NROW(x), 100), ]	0.008181275000083588	0.008183002471923828	1963219523	100000	1000	15461482496
d <- x[x$X1 > 3, ]	0.07552936399997634	0.0755305290222168	1963219523	100000	1000	15461482496
e <- tapply(x$X1, as.integer(x$X2), mean)	0.004565701000046829	0.004567384719848633	1963219523	100000	1000	15461482496
