exprs	process	real	size	rows	cols	max_memory
({ library(readr) library(dplyr) })	0.6300220000000001	0.8139877449721098	1963592	1000	100	101388288
"x <- read_tsv(file, trim_ws = FALSE, quote = """", na = character())"	0.17411599999999994	0.18675996991805732	1963592	1000	100	101388288
print(x)	0.29663000000000017	0.31001118500716984	1963592	1000	100	101388288
a <- head(x)	5.899999999998684e-4	5.918109090998769e-4	1963592	1000	100	101388288
b <- tail(x)	6.559999999999899e-4	8.070770418271422e-4	1963592	1000	100	101388288
c <- sample_n(x, 100)	0.0023200000000000998	0.0027010190533474088	1963592	1000	100	101388288
d <- filter(x, X1 > 3)	0.0011219999999998453	0.0015117260627448559	1963592	1000	100	101388288
e <- group_by(x, as.integer(X2)) %>% summarise(avg_X1 = mean(X1))	0.00800500000000004	0.00869440205860883	1963592	1000	100	101388288
