exprs	process	real	size	rows	cols	max_memory
({ })	3.2050000000616308e-6	5.0067901611328125e-6	1963219523	100000	1000	15485202432
"x <- read.delim(file, quote = """", na.strings = NULL, stringsAsFactors = FALSE)"	567.830162879	567.8397257328033	1963219523	100000	1000	15485202432
print(head(x, 10))	0.14186670200001572	0.14186835289001465	1963219523	100000	1000	15485202432
a <- head(x)	0.0064410229999793955	0.006443500518798828	1963219523	100000	1000	15485202432
b <- tail(x)	0.006622063000008893	0.006623506546020508	1963219523	100000	1000	15485202432
c <- x[sample(NROW(x), 100), ]	0.0088724549999597	0.008874177932739258	1963219523	100000	1000	15485202432
d <- x[x$X1 > 3, ]	0.07620425200002501	0.076206207275390625	1963219523	100000	1000	15485202432
e <- tapply(x$X1, as.integer(x$X2), mean)	0.00465417099997012	0.004656314849853516	1963219523	100000	1000	15485202432
