exprs	process	real	size	rows	cols	max_memory
({ })	3.524999999893197e-6	5.4836273193359375e-6	1963219523	100000	1000	15482941440
"x <- read.delim(file, quote = """", na.strings = NULL, stringsAsFactors = FALSE)"	594.0222816840001	594.0352230072021	1963219523	100000	1000	15482941440
print(head(x, 10))	0.1409652880000749	0.14096713066101074	1963219523	100000	1000	15482941440
a <- head(x)	0.006508291000045574	0.006511211395263672	1963219523	100000	1000	15482941440
b <- tail(x)	0.00667779499997323	0.00668025016784668	1963219523	100000	1000	15482941440
c <- x[sample(NROW(x), 100), ]	0.009027673999980834	0.009029865264892578	1963219523	100000	1000	15482941440
d <- x[x$X1 > 3, ]	0.07652336000001014	0.07652568817138672	1963219523	100000	1000	15482941440
e <- tapply(x$X1, as.integer(x$X2), mean)	0.00460265200001686	0.004604816436767578	1963219523	100000	1000	15482941440
