exprs	process	real	size	rows	cols	max_memory
({ library(readr) library(dplyr) })	0.2835167570000001	0.2860863208770752	1963219523	100000	1000	5839564800
"x <- read_tsv(file, trim_ws = FALSE, quote = """", na = character())"	56.233496904000006	56.23402667045593	1963219523	100000	1000	5839564800
print(x)	0.12135661399999975	0.12135839462280273	1963219523	100000	1000	5839564800
a <- head(x)	0.012304453999995246	0.012306928634643555	1963219523	100000	1000	5839564800
b <- tail(x)	0.00187228200000078	0.0018742084503173828	1963219523	100000	1000	5839564800
c <- sample_n(x, 100)	0.004101770999994869	0.004103422164916992	1963219523	100000	1000	5839564800
d <- filter(x, X1 > 3)	0.004992786999999055	0.004994630813598633	1963219523	100000	1000	5839564800
e <- group_by(x, as.integer(X2)) %>% summarise(avg_X1 = mean(X1))	0.02059782300000279	0.0205996036529541	1963219523	100000	1000	5839564800
