exprs	process	real	size	rows	cols	max_memory
({ library(readr) library(dplyr) })	0.26801563699999975	0.2680184841156006	1963219523	100000	1000	5863723008
"x <- read_tsv(file, trim_ws = FALSE, quote = """", na = character())"	56.104649359	56.11158347129822	1963219523	100000	1000	5863723008
print(x)	0.0787199290000018	0.0954742431640625	1963219523	100000	1000	5863723008
a <- head(x)	0.0027141720000045666	0.0027158260345458984	1963219523	100000	1000	5863723008
b <- tail(x)	0.0022157200000023636	0.002217531204223633	1963219523	100000	1000	5863723008
c <- sample_n(x, 100)	0.02533303300000256	0.025334835052490234	1963219523	100000	1000	5863723008
d <- filter(x, X1 > 3)	0.017108968999998808	0.017110586166381836	1963219523	100000	1000	5863723008
e <- group_by(x, as.integer(X2)) %>% summarise(avg_X1 = mean(X1))	0.038782436000005305	0.03878426551818848	1963219523	100000	1000	5863723008
