exprs	process	real	size	rows	cols	max_memory
({ })	4.999999999977245e-6	7.214024662971497e-6	1963592	1000	100	87805952
"x <- read.delim(file, quote = """", na.strings = NULL, stringsAsFactors = FALSE)"	0.19355199999999995	0.22278096608351916	1963592	1000	100	87805952
print(head(x, 10))	0.03773800000000005	0.07076354091987014	1963592	1000	100	87805952
a <- head(x)	0.001371000000000011	0.0013727829791605473	1963592	1000	100	87805952
b <- tail(x)	0.001558999999999977	0.001561018987558782	1963592	1000	100	87805952
c <- x[sample(NROW(x), 100), ]	0.0020930000000000115	0.0020950130419805646	1963592	1000	100	87805952
d <- x[x$X1 > 3, ]	0.0018610000000000015	0.001868939958512783	1963592	1000	100	87805952
e <- tapply(x$X1, as.integer(x$X2), mean)	0.0012919999999999598	0.001294249901548028	1963592	1000	100	87805952
