exprs	process	real	size	rows	cols	max_memory
({ library(readr) library(dplyr) })	0.287087692	0.2896108627319336	1963219523	100000	1000	5307428864
"x <- read_tsv(file, trim_ws = FALSE, quote = """", na = character())"	53.529070006	53.52952194213867	1963219523	100000	1000	5307428864
print(x)	0.1419200939999996	0.1419217586517334	1963219523	100000	1000	5307428864
a <- head(x)	0.0016377230000017562	0.0016391277313232422	1963219523	100000	1000	5307428864
b <- tail(x)	0.001933481000001791	0.0019350051879882812	1963219523	100000	1000	5307428864
c <- sample_n(x, 100)	0.005376466999997831	0.005378007888793945	1963219523	100000	1000	5307428864
d <- filter(x, X1 > 3)	0.005283816999998692	0.005285501480102539	1963219523	100000	1000	5307428864
e <- group_by(x, as.integer(X2)) %>% summarise(avg_X1 = mean(X1))	0.022737982999998962	0.022739410400390625	1963219523	100000	1000	5307428864
