exprs	process	real	size	rows	cols	max_memory
({ library(readr) library(dplyr) })	0.34329867599999986	0.34598493576049805	1963219523	100000	1000	5856292864
"x <- read_tsv(file, trim_ws = FALSE, quote = """", na = character())"	59.079513544	59.08077311515808	1963219523	100000	1000	5856292864
print(x)	0.12976320199999947	0.12976479530334473	1963219523	100000	1000	5856292864
a <- head(x)	0.0020030309999938822	0.002004384994506836	1963219523	100000	1000	5856292864
b <- tail(x)	0.002300859999998295	0.002302408218383789	1963219523	100000	1000	5856292864
c <- sample_n(x, 100)	0.03995917700000007	0.03996157646179199	1963219523	100000	1000	5856292864
d <- filter(x, X1 > 3)	0.022421029000000203	0.022423267364501953	1963219523	100000	1000	5856292864
e <- group_by(x, as.integer(X2)) %>% summarise(avg_X1 = mean(X1))	0.05248924500000385	0.052490949630737305	1963219523	100000	1000	5856292864
