exprs	process	real	size	rows	cols	max_memory
({ library(readr) library(dplyr) })	0.637548	0.8210659460164607	1963592	1000	100	102346752
"x <- read_tsv(file, trim_ws = FALSE, quote = """", na = character())"	0.15813300000000008	0.16312128107529134	1963592	1000	100	102346752
print(x)	0.30068300000000003	0.32026728708297014	1963592	1000	100	102346752
a <- head(x)	5.499999999998284e-4	5.626779748126864e-4	1963592	1000	100	102346752
b <- tail(x)	4.2999999999993044e-4	4.3159304186701775e-4	1963592	1000	100	102346752
c <- sample_n(x, 100)	0.0016359999999999708	0.0016383680049329996	1963592	1000	100	102346752
d <- filter(x, X1 > 3)	6.900000000000794e-4	7.007640087977052e-4	1963592	1000	100	102346752
e <- group_by(x, as.integer(X2)) %>% summarise(avg_X1 = mean(X1))	0.005999000000000088	0.006013683043420315	1963592	1000	100	102346752
