exprs	process	real	size	rows	cols	max_memory
({ })	3.0330000000411417e-6	4.76837158203125e-6	1963219523	100000	1000	15470862336
"x <- read.delim(file, quote = """", na.strings = NULL, stringsAsFactors = FALSE)"	520.970175058	520.9826147556305	1963219523	100000	1000	15470862336
print(head(x, 10))	0.1300029069999482	0.13001203536987305	1963219523	100000	1000	15470862336
a <- head(x)	0.006249463000017386	0.006251096725463867	1963219523	100000	1000	15470862336
b <- tail(x)	0.006446566000022358	0.006448507308959961	1963219523	100000	1000	15470862336
c <- x[sample(NROW(x), 100), ]	0.008708142000045882	0.008709907531738281	1963219523	100000	1000	15470862336
d <- x[x$X1 > 3, ]	0.07440451399997983	0.07440614700317383	1963219523	100000	1000	15470862336
e <- tapply(x$X1, as.integer(x$X2), mean)	0.00439676700000291	0.0043985843658447266	1963219523	100000	1000	15470862336
