exprs	process	real	size	rows	cols
({ })	2.9150000000477405e-6	5.0067901611328125e-6	1963219523	100000	1000
"x <- read.delim(file, quote = """", na.strings = NULL, stringsAsFactors = FALSE)"	551.29360676	551.542732000351	1963219523	100000	1000
print(head(x, 10))	0.12193848000003982	0.12194013595581055	1963219523	100000	1000
a <- head(x)	0.005803124000067328	0.005805253982543945	1963219523	100000	1000
b <- tail(x)	0.005624136000051294	0.005625724792480469	1963219523	100000	1000
c <- x[sample(NROW(x), 100), ]	0.008268941999972412	0.008271217346191406	1963219523	100000	1000
d <- x[x$X1 > 3, ]	0.07569492799996169	0.07569718360900879	1963219523	100000	1000
e <- tapply(x$X1, as.integer(x$X2), mean)	0.0046278029999484716	0.004630088806152344	1963219523	100000	1000
