exprs	process	real	size	rows	cols	max_memory
({ })	6.0000000000060005e-6	7.229973562061787e-6	1963592	1000	100	88358912
"x <- read.delim(file, quote = """", na.strings = NULL, stringsAsFactors = FALSE)"	0.19791099999999995	0.20633302896749228	1963592	1000	100	88358912
print(head(x, 10))	0.03910400000000003	0.05542657501064241	1963592	1000	100	88358912
a <- head(x)	0.0017359999999999598	0.001738502993248403	1963592	1000	100	88358912
b <- tail(x)	0.001786999999999983	0.001789606991223991	1963592	1000	100	88358912
c <- x[sample(NROW(x), 100), ]	0.0019959999999999978	0.0019996199989691377	1963592	1000	100	88358912
d <- x[x$X1 > 3, ]	0.0020339999999999803	0.0020432809833437204	1963592	1000	100	88358912
e <- tapply(x$X1, as.integer(x$X2), mean)	0.0013239999999999919	0.0013270620256662369	1963592	1000	100	88358912
