exprs	process	real	size	rows	cols
({ library(readr) library(dplyr) })	0.29076183200000005	0.2934279441833496	1963219523	100000	1000
"x <- read_tsv(file, trim_ws = FALSE, quote = """", na = character())"	54.586653516	54.587241888046265	1963219523	100000	1000
print(x)	0.1508875190000012	0.15088939666748047	1963219523	100000	1000
a <- head(x)	0.0017319840000027398	0.001733541488647461	1963219523	100000	1000
b <- tail(x)	0.0020662149999992607	0.002068042755126953	1963219523	100000	1000
c <- sample_n(x, 100)	0.004178928999998277	0.004180908203125	1963219523	100000	1000
d <- filter(x, X1 > 3)	0.004911205999995616	0.0049130916595458984	1963219523	100000	1000
e <- group_by(x, as.integer(X2)) %>% summarise(avg_X1 = mean(X1))	0.020956286999997076	0.02095794677734375	1963219523	100000	1000
