exprs	process	real	size	rows	cols	max_memory
({ library(vroom) library(dplyr) })	0.371665	0.38020412100013345	1963592	1000	100	102772736
"x <- vroom(file, trim_ws = FALSE, quote = """", escape_double = FALSE, na = cha..."	0.259926	0.1327554100425914	1963592	1000	100	102772736
print(x)	0.23484699999999992	0.23725920903962106	1963592	1000	100	102772736
a <- head(x)	4.610000000000447e-4	4.829330136999488e-4	1963592	1000	100	102772736
b <- tail(x)	3.9200000000017e-4	3.9774703327566385e-4	1963592	1000	100	102772736
c <- sample_n(x, 100)	0.001503000000000032	0.0015103690093383193	1963592	1000	100	102772736
d <- filter(x, X1 > 3)	6.850000000000467e-4	6.894780090078712e-4	1963592	1000	100	102772736
e <- group_by(x, as.integer(X2)) %>% summarise(avg_X1 = mean(X1))	0.004434000000000049	0.004435189999639988	1963592	1000	100	102772736
