exprs	process	real	size	rows	cols	max_memory
({ library(vroom) library(dplyr) })	0.2484813509999999	0.2511446475982666	1963219523	100000	1000	8560803840
"x <- vroom(file, trim_ws = FALSE, quote = """", escape_double = FALSE, na = cha..."	10.633160054	1.0128962993621826	1963219523	100000	1000	8560803840
print(x)	0.15322619899999879	0.14844298362731934	1963219523	100000	1000	8560803840
a <- head(x)	0.0027846589999995786	0.0027861595153808594	1963219523	100000	1000	8560803840
b <- tail(x)	0.002808725999999595	0.002810239791870117	1963219523	100000	1000	8560803840
c <- sample_n(x, 100)	27.403865805000002	4.308738708496094	1963219523	100000	1000	8560803840
d <- filter(x, X1 > 3)	0.006414094000000148	0.0064160823822021484	1963219523	100000	1000	8560803840
e <- group_by(x, as.integer(X2)) %>% summarise(avg_X1 = mean(X1))	0.01809509299999945	0.018096923828125	1963219523	100000	1000	8560803840
