exprs	process	real	size	rows	cols	max_memory
({ library(vroom) library(dplyr) })	0.24293180499999978	0.2455153465270996	1963219523	100000	1000	5710385152
"x <- vroom(file, trim_ws = FALSE, quote = """", escape_double = FALSE, na = cha..."	36.884910229	5.215503931045532	1963219523	100000	1000	5710385152
print(x)	0.18036029800000364	0.18036198616027832	1963219523	100000	1000	5710385152
a <- head(x)	0.001717265999999995	0.0017189979553222656	1963219523	100000	1000	5710385152
b <- tail(x)	0.0017284039999978518	0.0017299652099609375	1963219523	100000	1000	5710385152
c <- sample_n(x, 100)	0.004015173999995625	0.004016876220703125	1963219523	100000	1000	5710385152
d <- filter(x, X1 > 3)	0.004973375000005831	0.004975080490112305	1963219523	100000	1000	5710385152
e <- group_by(x, as.integer(X2)) %>% summarise(avg_X1 = mean(X1))	0.01736458599999935	0.017366409301757812	1963219523	100000	1000	5710385152
