exprs	process	real	size	rows	cols
({ library(vroom) library(dplyr) })	0.22744163599999978	0.22744512557983398	1963219523	100000	1000
"x <- vroom(file, trim_ws = FALSE, quote = """", escape_double = FALSE, na = cha..."	39.260593688	5.446708679199219	1963219523	100000	1000
print(x)	0.16610670299999697	0.1661088466644287	1963219523	100000	1000
a <- head(x)	0.0018882960000041749	0.0018901824951171875	1963219523	100000	1000
b <- tail(x)	0.0018300799999977357	0.0018320083618164062	1963219523	100000	1000
c <- sample_n(x, 100)	0.004103697000005013	0.004106044769287109	1963219523	100000	1000
d <- filter(x, X1 > 3)	0.0491264220000005	0.04912900924682617	1963219523	100000	1000
e <- group_by(x, as.integer(X2)) %>% summarise(avg_X1 = mean(X1))	0.02082191499999908	0.020824193954467773	1963219523	100000	1000
