exprs	process	real	size	rows	cols	max_memory
library(vroom)	0.154023023	0.1566181182861328	1963219523	100000	1000	5281366016
"x <- vroom(file, trim_ws = FALSE, quote = """", escape_double = FALSE, na = cha..."	38.189531511	5.236961364746094	1963219523	100000	1000	5281366016
print(x)	0.18826904899999874	0.18827104568481445	1963219523	100000	1000	5281366016
a <- head(x)	0.0015630540000017845	0.0015649795532226562	1963219523	100000	1000	5281366016
b <- tail(x)	0.0015701840000019729	0.0015716552734375	1963219523	100000	1000	5281366016
c <- x[sample(NROW(x), 100), ]	0.004458126999999479	0.00446009635925293	1963219523	100000	1000	5281366016
d <- x[x$X1 > 3, ]	0.07710449500000038	0.07710623741149902	1963219523	100000	1000	5281366016
e <- tapply(x$X1, as.integer(x$X2), mean)	0.006036584999996819	0.006038188934326172	1963219523	100000	1000	5281366016
