exprs	process	real	size	rows	cols	max_memory
({ library(vroom) library(dplyr) })	0.3252606	0.32527875900268555	1963219523	100000	1000	5738323968
"x <- vroom(file, trim_ws = FALSE, quote = """", escape_double = FALSE, na = cha..."	41.357984361	5.795810222625732	1963219523	100000	1000	5738323968
print(x)	0.06360341399999925	0.06360530853271484	1963219523	100000	1000	5738323968
a <- head(x)	0.002752612000001875	0.0027539730072021484	1963219523	100000	1000	5738323968
b <- tail(x)	0.002242043999999055	0.0022437572479248047	1963219523	100000	1000	5738323968
c <- sample_n(x, 100)	0.1062226370000019	0.10623431205749512	1963219523	100000	1000	5738323968
d <- filter(x, X1 > 3)	0.014168177000001947	0.014169931411743164	1963219523	100000	1000	5738323968
e <- group_by(x, as.integer(X2)) %>% summarise(avg_X1 = mean(X1))	0.03987886099999827	0.03988075256347656	1963219523	100000	1000	5738323968
