exprs	process	real	size	rows	cols	max_memory
({ library(vroom) library(dplyr) })	0.2939437899999999	0.2939589023590088	1963219523	100000	1000	5740023808
"x <- vroom(file, trim_ws = FALSE, quote = """", escape_double = FALSE, na = cha..."	41.10774825	6.923159122467041	1963219523	100000	1000	5740023808
print(x)	0.06295269499999989	0.06295442581176758	1963219523	100000	1000	5740023808
a <- head(x)	0.0024358220000024744	0.0024373531341552734	1963219523	100000	1000	5740023808
b <- tail(x)	0.002060569999997597	0.002062082290649414	1963219523	100000	1000	5740023808
c <- sample_n(x, 100)	0.09410682600000086	0.09410929679870605	1963219523	100000	1000	5740023808
d <- filter(x, X1 > 3)	0.013741070000001798	0.013743400573730469	1963219523	100000	1000	5740023808
e <- group_by(x, as.integer(X2)) %>% summarise(avg_X1 = mean(X1))	0.030236498000000722	0.030238628387451172	1963219523	100000	1000	5740023808
