exprs	process	real	size	rows	cols	max_memory
library(vroom)	0.14673960299999989	0.1494293212890625	1963219523	100000	1000	7748141056
"x <- vroom(file, trim_ws = FALSE, quote = """", escape_double = FALSE, na = cha..."	9.808716665	1.0036449432373047	1963219523	100000	1000	7748141056
print(x)	0.18827597900000015	0.1834278106689453	1963219523	100000	1000	7748141056
a <- head(x)	0.003927833000000547	0.003929615020751953	1963219523	100000	1000	7748141056
b <- tail(x)	0.00391132600000077	0.003912925720214844	1963219523	100000	1000	7748141056
c <- x[sample(NROW(x), 100), ]	0.004873640999999651	0.00487518310546875	1963219523	100000	1000	7748141056
d <- x[x$X1 > 3, ]	0.12592790199999904	0.08843660354614258	1963219523	100000	1000	7748141056
e <- tapply(x$X1, as.integer(x$X2), mean)	0.04548375299999918	0.0454864501953125	1963219523	100000	1000	7748141056
