exprs	process	real	size	rows	cols	max_memory
({ library(vroom) library(dplyr) })	0.255442069	0.25806665420532227	1963219523	100000	1000	8029212672
"x <- vroom(file, trim_ws = FALSE, quote = """", escape_double = FALSE, na = cha..."	10.20179883	0.9933652877807617	1963219523	100000	1000	8029212672
print(x)	0.17088693	0.16603398323059082	1963219523	100000	1000	8029212672
a <- head(x)	0.0028280469999995006	0.0028297901153564453	1963219523	100000	1000	8029212672
b <- tail(x)	0.002606817999998512	0.0026085376739501953	1963219523	100000	1000	8029212672
c <- sample_n(x, 100)	27.482679579999996	4.364039182662964	1963219523	100000	1000	8029212672
d <- filter(x, X1 > 3)	0.0055791209999966895	0.0055811405181884766	1963219523	100000	1000	8029212672
e <- group_by(x, as.integer(X2)) %>% summarise(avg_X1 = mean(X1))	0.020311947999999802	0.020313739776611328	1963219523	100000	1000	8029212672
