exprs	process	real	size	rows	cols	max_memory
({ library(vroom) library(dplyr) })	0.512444	0.6672174830455333	1963592	1000	100	104640512
"x <- vroom(file, trim_ws = FALSE, quote = """", escape_double = FALSE, na = cha..."	0.14634599999999998	0.14604818099178374	1963592	1000	100	104640512
print(x)	0.3141590000000001	0.32254960003774613	1963592	1000	100	104640512
a <- head(x)	9.630000000000472e-4	9.639650816097856e-4	1963592	1000	100	104640512
b <- tail(x)	9.200000000000319e-4	9.217800106853247e-4	1963592	1000	100	104640512
c <- sample_n(x, 100)	0.16236499999999987	0.052114021964371204	1963592	1000	100	104640512
d <- filter(x, X1 > 3)	0.0010499999999999954	0.001051230006851256	1963592	1000	100	104640512
e <- group_by(x, as.integer(X2)) %>% summarise(avg_X1 = mean(X1))	0.004979000000000067	0.005048634018748999	1963592	1000	100	104640512
