exprs	process	real	size	rows	cols	max_memory
({ library(vroom) library(dplyr) })	0.38852300000000006	0.4041701720561832	1963592	1000	100	102641664
"x <- vroom(file, trim_ws = FALSE, quote = """", escape_double = FALSE, na = cha..."	0.28898099999999993	0.18613141193054616	1963592	1000	100	102641664
print(x)	0.260224	0.2615390319842845	1963592	1000	100	102641664
a <- head(x)	4.930000000000767e-4	4.984879633411765e-4	1963592	1000	100	102641664
b <- tail(x)	3.509999999999902e-4	3.522849874570966e-4	1963592	1000	100	102641664
c <- sample_n(x, 100)	0.0014520000000000088	0.0014529549516737461	1963592	1000	100	102641664
d <- filter(x, X1 > 3)	6.519999999998749e-4	6.539089372381568e-4	1963592	1000	100	102641664
e <- group_by(x, as.integer(X2)) %>% summarise(avg_X1 = mean(X1))	0.004507000000000039	0.004509315942414105	1963592	1000	100	102641664
