exprs	process	real	size	rows	cols	max_memory
library(vroom)	0.118431132	0.12096929550170898	1963219523	100000	1000	5706706944
"x <- vroom(file, trim_ws = FALSE, quote = """", escape_double = FALSE, na = cha..."	36.124194781	5.15648889541626	1963219523	100000	1000	5706706944
print(x)	0.1369658770000015	0.13696765899658203	1963219523	100000	1000	5706706944
a <- head(x)	0.0016114709999968113	0.0016131401062011719	1963219523	100000	1000	5706706944
b <- tail(x)	0.001789858999998728	0.0017914772033691406	1963219523	100000	1000	5706706944
c <- x[sample(NROW(x), 100), ]	0.0037952219999937142	0.003796815872192383	1963219523	100000	1000	5706706944
d <- x[x$X1 > 3, ]	0.004475405000000876	0.004477262496948242	1963219523	100000	1000	5706706944
e <- tapply(x$X1, as.integer(x$X2), mean)	0.004855900999999108	0.004857540130615234	1963219523	100000	1000	5706706944
