exprs	process	real	size	rows	cols	max_memory
library(vroom)	0.21290700000000007	0.21975770499557257	1963592	1000	100	81453056
"x <- vroom(file, trim_ws = FALSE, quote = """", escape_double = FALSE, na = cha..."	0.33372099999999993	0.24758372793439776	1963592	1000	100	81453056
print(x)	0.224839	0.22900166001636535	1963592	1000	100	81453056
a <- head(x)	3.140000000001475e-4	3.3046305179595947e-4	1963592	1000	100	81453056
b <- tail(x)	3.1700000000012274e-4	3.180629573762417e-4	1963592	1000	100	81453056
c <- x[sample(NROW(x), 100), ]	4.509999999999792e-4	4.5358098577708006e-4	1963592	1000	100	81453056
d <- x[x$X1 > 3, ]	4.3600000000010297e-4	4.367690999060869e-4	1963592	1000	100	81453056
e <- tapply(x$X1, as.integer(x$X2), mean)	6.189999999999252e-4	6.220471113920212e-4	1963592	1000	100	81453056
