exprs	process	real	size	rows	cols	max_memory
({ library(vroom) library(dplyr) })	0.275015306	0.27767324447631836	1963219523	100000	1000	5722664960
"x <- vroom(file, trim_ws = FALSE, quote = """", escape_double = FALSE, na = cha..."	37.482552735	5.13568902015686	1963219523	100000	1000	5722664960
print(x)	0.13608092800000549	0.1360926628112793	1963219523	100000	1000	5722664960
a <- head(x)	0.0016496719999992138	0.0016510486602783203	1963219523	100000	1000	5722664960
b <- tail(x)	0.0018085640000009562	0.001810312271118164	1963219523	100000	1000	5722664960
c <- sample_n(x, 100)	0.026566467999998622	0.026568174362182617	1963219523	100000	1000	5722664960
d <- filter(x, X1 > 3)	0.0801508790000014	0.08015298843383789	1963219523	100000	1000	5722664960
e <- group_by(x, as.integer(X2)) %>% summarise(avg_X1 = mean(X1))	0.05899485500000168	0.05899667739868164	1963219523	100000	1000	5722664960
