exprs	process	real	size	rows	cols	max_memory
library(vroom)	0.11787998899999996	0.12050938606262207	1963219523	100000	1000	7768612864
"x <- vroom(file, trim_ws = FALSE, quote = """", escape_double = FALSE, na = cha..."	9.679994595	1.113328456878662	1963219523	100000	1000	7768612864
print(x)	0.1460030339999996	0.14291954040527344	1963219523	100000	1000	7768612864
a <- head(x)	0.004212404000000447	0.004214048385620117	1963219523	100000	1000	7768612864
b <- tail(x)	0.00430600400000003	0.004307270050048828	1963219523	100000	1000	7768612864
c <- x[sample(NROW(x), 100), ]	0.005242237999999233	0.005243539810180664	1963219523	100000	1000	7768612864
d <- x[x$X1 > 3, ]	0.047110509000001244	0.010924100875854492	1963219523	100000	1000	7768612864
e <- tapply(x$X1, as.integer(x$X2), mean)	0.040984435000000374	0.04098629951477051	1963219523	100000	1000	7768612864
