exprs	process	real	size	rows	cols	max_memory
library(vroom)	0.274582	0.3449078199919313	1963592	1000	100	84189184
"x <- vroom(file, trim_ws = FALSE, quote = """", escape_double = FALSE, na = cha..."	0.2448619999999999	0.3416650730650872	1963592	1000	100	84189184
print(x)	0.30685400000000007	0.315490736044012	1963592	1000	100	84189184
a <- head(x)	0.0015119999999999578	0.0015155019937083125	1963592	1000	100	84189184
b <- tail(x)	0.001454999999999984	0.0014566360041499138	1963592	1000	100	84189184
c <- x[sample(NROW(x), 100), ]	0.002518999999999938	0.0025792730739340186	1963592	1000	100	84189184
d <- x[x$X1 > 3, ]	0.003358000000000194	0.002388685941696167	1963592	1000	100	84189184
e <- tapply(x$X1, as.integer(x$X2), mean)	0.0018780000000000463	0.0019457179587334394	1963592	1000	100	84189184
