exprs	process	real	size	rows	cols	max_memory
library(vroom)	0.28193	0.39494769100565463	1963592	1000	100	84656128
"x <- vroom(file, trim_ws = FALSE, quote = """", escape_double = FALSE, na = cha..."	0.249552	0.27160725893918425	1963592	1000	100	84656128
print(x)	0.298052	0.3030300559476018	1963592	1000	100	84656128
a <- head(x)	0.0010660000000000114	0.0010731060756370425	1963592	1000	100	84656128
b <- tail(x)	8.809999999999096e-4	8.831879822537303e-4	1963592	1000	100	84656128
c <- x[sample(NROW(x), 100), ]	0.0017859999999998433	0.0017886540153995156	1963592	1000	100	84656128
d <- x[x$X1 > 3, ]	0.0030369999999999564	0.001489638932980597	1963592	1000	100	84656128
e <- tapply(x$X1, as.integer(x$X2), mean)	0.0015769999999999396	0.001578977913595736	1963592	1000	100	84656128
