exprs	process	real	size	rows	cols	max_memory
library(vroom)	0.2521885389999998	0.2521932125091553	1963219523	100000	1000	7786471424
"x <- vroom(file, trim_ws = FALSE, quote = """", escape_double = FALSE, na = cha..."	14.930098690000001	1.4847989082336426	1963219523	100000	1000	7786471424
print(x)	0.07367625000000189	0.07091617584228516	1963219523	100000	1000	7786471424
a <- head(x)	0.00419877899999932	0.0042002201080322266	1963219523	100000	1000	7786471424
b <- tail(x)	0.016387815999998168	0.016389846801757812	1963219523	100000	1000	7786471424
c <- x[sample(NROW(x), 100), ]	0.004401256000001297	0.004403114318847656	1963219523	100000	1000	7786471424
d <- x[x$X1 > 3, ]	0.05015135800000081	0.008099555969238281	1963219523	100000	1000	7786471424
e <- tapply(x$X1, as.integer(x$X2), mean)	0.06496276700000081	0.06496524810791016	1963219523	100000	1000	7786471424
