exprs	process	real	size	rows	cols
library(vroom)	0.12060719899999994	0.12061047554016113	1963219523	100000	1000
"x <- vroom(file, trim_ws = FALSE, quote = """", escape_double = FALSE, na = cha..."	11.588048275	1.049257516860962	1963219523	100000	1000
print(x)	0.223885000000001	0.2192394733428955	1963219523	100000	1000
a <- head(x)	0.003975686000000422	0.003977537155151367	1963219523	100000	1000
b <- tail(x)	0.0038893360000002986	0.0038909912109375	1963219523	100000	1000
c <- x[sample(NROW(x), 100), ]	0.004889924000000434	0.004891395568847656	1963219523	100000	1000
d <- x[x$X1 > 3, ]	0.1278973239999992	0.09168601036071777	1963219523	100000	1000
e <- tapply(x$X1, as.integer(x$X2), mean)	0.04767113399999978	0.047673940658569336	1963219523	100000	1000
