exprs	process	real	size	rows	cols	max_memory
({ library(vroom) library(dplyr) })	0.27553177100000004	0.27817797660827637	1963219523	100000	1000	7773503488
"x <- vroom(file, trim_ws = FALSE, quote = """", escape_double = FALSE, na = cha..."	8.729570572	0.9328911304473877	1963219523	100000	1000	7773503488
print(x)	0.1498561340000002	0.14684343338012695	1963219523	100000	1000	7773503488
a <- head(x)	0.003887100000000032	0.0038886070251464844	1963219523	100000	1000	7773503488
b <- tail(x)	0.004254571000000595	0.004255771636962891	1963219523	100000	1000	7773503488
c <- sample_n(x, 100)	0.02798752600000043	0.02798914909362793	1963219523	100000	1000	7773503488
d <- filter(x, X1 > 3)	0.07168397099999879	0.03552889823913574	1963219523	100000	1000	7773503488
e <- group_by(x, as.integer(X2)) %>% summarise(avg_X1 = mean(X1))	0.09524687600000092	0.09524869918823242	1963219523	100000	1000	7773503488
