exprs	process	real	size	rows	cols	max_memory
library(vroom)	0.154398388	0.15700674057006836	1963219523	100000	1000	7220035584
"x <- vroom(file, trim_ws = FALSE, quote = """", escape_double = FALSE, na = cha..."	10.732163056000001	1.0354959964752197	1963219523	100000	1000	7220035584
print(x)	0.21045722000000033	0.20563054084777832	1963219523	100000	1000	7220035584
a <- head(x)	0.0040840429999988714	0.004085540771484375	1963219523	100000	1000	7220035584
b <- tail(x)	0.007898096999999993	0.007899999618530273	1963219523	100000	1000	7220035584
c <- x[sample(NROW(x), 100), ]	0.0035920569999987606	0.00359344482421875	1963219523	100000	1000	7220035584
d <- x[x$X1 > 3, ]	0.13094863899999964	0.09337830543518066	1963219523	100000	1000	7220035584
e <- tapply(x$X1, as.integer(x$X2), mean)	0.042413733000000065	0.04241514205932617	1963219523	100000	1000	7220035584
