exprs	process	real	size	rows	cols
({ library(vroom) library(dplyr) })	0.22506227600000006	0.2250657081604004	1963219523	100000	1000
"x <- vroom(file, trim_ws = FALSE, quote = """", escape_double = FALSE, na = cha..."	9.756491137	0.95731353759765625	1963219523	100000	1000
print(x)	0.22188979000000053	0.2169332504272461	1963219523	100000	1000
a <- head(x)	0.0030646270000005416	0.0030660629272460938	1963219523	100000	1000
b <- tail(x)	0.0027542280000005803	0.0027561187744140625	1963219523	100000	1000
c <- sample_n(x, 100)	29.549275235000003	4.533576250076294	1963219523	100000	1000
d <- filter(x, X1 > 3)	0.006826351000000841	0.0068285465240478516	1963219523	100000	1000
e <- group_by(x, as.integer(X2)) %>% summarise(avg_X1 = mean(X1))	0.01879135000000076	0.018793582916259766	1963219523	100000	1000
