exprs	process	real	size	rows	cols	max_memory
({ library(vroom) library(dplyr) })	0.520793	0.7149899170035496	1963592	1000	100	104439808
"x <- vroom(file, trim_ws = FALSE, quote = """", escape_double = FALSE, na = cha..."	0.12325699999999995	0.12070695601869375	1963592	1000	100	104439808
print(x)	0.3204929999999999	0.33185699803289026	1963592	1000	100	104439808
a <- head(x)	9.900000000000464e-4	0.0010037110187113285	1963592	1000	100	104439808
b <- tail(x)	9.209999999999496e-4	9.229570860043168e-4	1963592	1000	100	104439808
c <- sample_n(x, 100)	0.17128200000000016	0.06539715698454529	1963592	1000	100	104439808
d <- filter(x, X1 > 3)	0.0012299999999998423	0.0012319550151005387	1963592	1000	100	104439808
e <- group_by(x, as.integer(X2)) %>% summarise(avg_X1 = mean(X1))	0.007828000000000168	0.007987935096025467	1963592	1000	100	104439808
