exprs	process	real	size	rows	cols	max_memory
library(vroom)	0.2594737989999998	0.25948667526245117	1963219523	100000	1000	5738471424
"x <- vroom(file, trim_ws = FALSE, quote = """", escape_double = FALSE, na = cha..."	44.690273131000005	6.1322550773620605	1963219523	100000	1000	5738471424
print(x)	0.06503876499999706	0.06504058837890625	1963219523	100000	1000	5738471424
a <- head(x)	0.002666017999999326	0.002667665481567383	1963219523	100000	1000	5738471424
b <- tail(x)	0.0022221019999975056	0.0022237300872802734	1963219523	100000	1000	5738471424
c <- x[sample(NROW(x), 100), ]	0.005012854000000289	0.0050144195556640625	1963219523	100000	1000	5738471424
d <- x[x$X1 > 3, ]	0.005799354999993511	0.005800962448120117	1963219523	100000	1000	5738471424
e <- tapply(x$X1, as.integer(x$X2), mean)	0.006355251999998757	0.006356954574584961	1963219523	100000	1000	5738471424
