exprs	process	real	size	rows	cols
library(vroom)	0.12657175200000004	0.12657523155212402	1963219523	100000	1000
"x <- vroom(file, trim_ws = FALSE, quote = """", escape_double = FALSE, na = cha..."	38.969802667	5.45107364654541	1963219523	100000	1000
print(x)	0.19688286699999935	0.19689321517944336	1963219523	100000	1000
a <- head(x)	0.0017735699999974486	0.0017752647399902344	1963219523	100000	1000
b <- tail(x)	0.0016644799999951942	0.0016665458679199219	1963219523	100000	1000
c <- x[sample(NROW(x), 100), ]	0.004457685999994965	0.004459857940673828	1963219523	100000	1000
d <- x[x$X1 > 3, ]	0.07720273099999986	0.07720494270324707	1963219523	100000	1000
e <- tapply(x$X1, as.integer(x$X2), mean)	0.006215358000005722	0.006217241287231445	1963219523	100000	1000
