exprs	process	real	size	rows	cols	max_memory
library(vroom)	0.221121	0.23018689802847803	1963592	1000	100	81768448
"x <- vroom(file, trim_ws = FALSE, quote = """", escape_double = FALSE, na = cha..."	0.3309230000000001	0.21712045499589294	1963592	1000	100	81768448
print(x)	0.26125200000000015	0.2681444970658049	1963592	1000	100	81768448
a <- head(x)	3.8599999999999746e-4	3.8862903602421284e-4	1963592	1000	100	81768448
b <- tail(x)	3.809999999999647e-4	3.8287800271064043e-4	1963592	1000	100	81768448
c <- x[sample(NROW(x), 100), ]	4.610000000000447e-4	4.6214903704822063e-4	1963592	1000	100	81768448
d <- x[x$X1 > 3, ]	4.2999999999993044e-4	4.309409996494651e-4	1963592	1000	100	81768448
e <- tapply(x$X1, as.integer(x$X2), mean)	6.820000000000714e-4	6.840609712526202e-4	1963592	1000	100	81768448
