exprs	process	real	size	rows	cols	max_memory
library(data.table)	0.047946918000000005	0.047949790954589844	19747530143	173179759	11	62712639488
"x <- rbindlist(idcol = ""path"", lapply(stats::setNames(file, file), fread, sep..."	823.665747332	224.17495799064636	19747530143	173179759	11	62712639488
print(x)	0.02627611299999444	0.005643367767333984	19747530143	173179759	11	62712639488
a <- head(x)	2.25559999989855e-4	2.2721290588378906e-4	19747530143	173179759	11	62712639488
b <- tail(x)	1.8656100007774512e-4	1.8787384033203125e-4	19747530143	173179759	11	62712639488
c <- x[sample(NROW(x), 100), ]	4.0632300010656763e-4	4.076957702636719e-4	19747530143	173179759	11	62712639488
"d <- x[payment_type == ""UNK"", ]"	3.6412664030000315	1.024482011795044	19747530143	173179759	11	62712639488
e <- x[, .(mean(tip_amount)), by = payment_type]	21.758603153999957	11.887848377227783	19747530143	173179759	11	62712639488
