exprs	process	real	size	rows	cols	max_memory
library(data.table)	0.05063445199999994	0.13571500778198242	19747530143	173179759	11	64630505472
"x <- rbindlist(idcol = ""path"", lapply(stats::setNames(file, file), fread, sep..."	878.279750612	237.3281590938568	19747530143	173179759	11	64630505472
print(x)	0.012804800000026262	0.005430936813354492	19747530143	173179759	11	64630505472
a <- head(x)	2.1489699997800926e-4	2.162456512451172e-4	19747530143	173179759	11	64630505472
b <- tail(x)	1.7820700008996937e-4	1.79290771484375e-4	19747530143	173179759	11	64630505472
c <- x[sample(NROW(x), 100), ]	6.02860999947552e-4	6.046295166015625e-4	19747530143	173179759	11	64630505472
"d <- x[payment_type == ""UNK"", ]"	5.4913324589999775	2.7816214561462402	19747530143	173179759	11	64630505472
e <- x[, .(mean(tip_amount)), by = payment_type]	21.2422779420001	10.959104537963867	19747530143	173179759	11	64630505472
