exprs	process	real	size	rows	cols	max_memory
library(data.table)	0.049356014000000004	0.05027127265930176	19747530143	173179759	11	63974539264
"x <- rbindlist(idcol = ""path"", lapply(stats::setNames(file, file), fread, sep..."	365.63006013800003	95.29237675666809	19747530143	173179759	11	63974539264
print(x)	0.006093298999985564	0.006696939468383789	19747530143	173179759	11	63974539264
a <- head(x)	2.292589999797201e-4	2.3102760314941406e-4	19747530143	173179759	11	63974539264
b <- tail(x)	1.8573600004856416e-4	1.8715858459472656e-4	19747530143	173179759	11	63974539264
c <- x[sample(NROW(x), 100), ]	6.668740000463913e-4	6.690025329589844e-4	19747530143	173179759	11	63974539264
"d <- x[payment_type == ""UNK"", ]"	3.5333796889999576	1.0772333145141602	19747530143	173179759	11	63974539264
e <- x[, .(mean(tip_amount)), by = payment_type]	14.88072779800001	4.706362962722778	19747530143	173179759	11	63974539264
