exprs	process	real	size	rows	cols	max_memory
library(data.table)	0.10411599999999999	0.1132730150129646	454897	3996	11	82243584
"x <- rbindlist(idcol = ""path"", lapply(stats::setNames(file, file), fread, sep..."	0.02608900000000003	0.03990025899838656	454897	3996	11	82243584
print(x)	0.011442000000000008	0.02151214808691293	454897	3996	11	82243584
a <- head(x)	9.839999999999849e-4	0.03165509004611522	454897	3996	11	82243584
b <- tail(x)	8.689999999999531e-4	9.571259142830968e-4	454897	3996	11	82243584
c <- x[sample(NROW(x), 100), ]	0.0017699999999999938	0.03676461102440953	454897	3996	11	82243584
"d <- x[payment_type == ""UNK"", ]"	0.009998000000000007	0.05381635099183768	454897	3996	11	82243584
e <- x[, .(mean(tip_amount)), by = payment_type]	0.0026169999999999805	0.006939067970961332	454897	3996	11	82243584
