exprs	process	real	size	rows	cols	max_memory
library(data.table)	0.10277799999999998	0.10951015003956854	454897	3996	11	81149952
"x <- rbindlist(idcol = ""path"", lapply(stats::setNames(file, file), fread, sep..."	0.02536900000000003	0.03987141896504909	454897	3996	11	81149952
print(x)	0.011562000000000017	0.05954628193285316	454897	3996	11	81149952
a <- head(x)	9.359999999999924e-4	0.022417918080464005	454897	3996	11	81149952
b <- tail(x)	8.580000000000254e-4	0.0016596360364928842	454897	3996	11	81149952
c <- x[sample(NROW(x), 100), ]	0.0016349999999999976	0.001450458075851202	454897	3996	11	81149952
"d <- x[payment_type == ""UNK"", ]"	0.009697000000000011	0.03916900302283466	454897	3996	11	81149952
e <- x[, .(mean(tip_amount)), by = payment_type]	0.0025319999999999787	0.005163618945516646	454897	3996	11	81149952
