exprs	process	real	size	rows	cols	max_memory
library(data.table)	0.054137553000000116	0.05526280403137207	19747530143	173179759	11	63907487744
"x <- rbindlist(idcol = ""path"", lapply(stats::setNames(file, file), fread, sep..."	387.54500443399996	101.28795576095581	19747530143	173179759	11	63907487744
print(x)	0.00601468700000396	0.006544828414916992	19747530143	173179759	11	63907487744
a <- head(x)	2.209200000038436e-4	0.00022268295288085938	19747530143	173179759	11	63907487744
b <- tail(x)	2.0378300001766547e-4	0.00020551681518554688	19747530143	173179759	11	63907487744
c <- x[sample(NROW(x), 100), ]	6.680149999738205e-4	6.701946258544922e-4	19747530143	173179759	11	63907487744
"d <- x[payment_type == ""UNK"", ]"	3.528363904999992	1.0737648010253906	19747530143	173179759	11	63907487744
e <- x[, .(mean(tip_amount)), by = payment_type]	13.747614251000016	4.551238775253296	19747530143	173179759	11	63907487744
