exprs	process	real	size	rows	cols
library(data.table)	0.050618972999999956	0.05062222480773926	19747530143	173179759	11
"x <- rbindlist(idcol = ""path"", lapply(stats::setNames(file, file), fread, sep..."	962.606759809	267.6835479736328	19747530143	173179759	11
print(x)	0.01697805999992852	0.0054204463958740234	19747530143	173179759	11
a <- head(x)	2.1171700007016625e-4	2.1338462829589844e-4	19747530143	173179759	11
b <- tail(x)	1.805199999580509e-4	0.00018167495727539062	19747530143	173179759	11
c <- x[sample(NROW(x), 100), ]	6.03871000066647e-4	6.058216094970703e-4	19747530143	173179759	11
"d <- x[payment_type == ""UNK"", ]"	4.245499372999916	1.5083789825439453	19747530143	173179759	11
e <- x[, .(mean(tip_amount)), by = payment_type]	22.61652076900009	12.27246642112732	19747530143	173179759	11
