exprs	process	real	size	rows	cols	max_memory
({ library(readr) library(dplyr) library(purrr) })	0.5828220000000001	0.7402872949605808	454897	3996	11	105533440
"x <- map_dfr(set_names(file), .id = ""path"", ~read_csv(.x, col_types = c(picku..."	0.10495499999999991	0.11538561491761357	454897	3996	11	105533440
print(x)	0.23413600000000012	0.31366966699715704	454897	3996	11	105533440
a <- head(x)	1.989999999998382e-4	2.0019197836518288e-4	454897	3996	11	105533440
b <- tail(x)	2.44000000000133e-4	2.462010597810149e-4	454897	3996	11	105533440
c <- sample_n(x, 100)	0.0019120000000001358	0.005119397072121501	454897	3996	11	105533440
"d <- filter(x, payment_type == ""UNK"")"	8.900000000000574e-4	8.927270537242293e-4	454897	3996	11	105533440
e <- group_by(x, payment_type) %>% summarise(avg_tip = mean(tip_amount))	0.0043839999999999435	0.004386685090139508	454897	3996	11	105533440
