exprs	process	real	size	rows	cols	max_memory
({ library(readr) library(dplyr) library(purrr) })	0.302639438	0.31683802604675293	19747530143	173179759	11	75071950848
"x <- map_dfr(set_names(file), .id = ""path"", ~read_csv(.x, col_types = c(picku..."	446.183479309	446.18770384788513	19747530143	173179759	11	75071950848
print(x)	0.0836840529999563	0.08368659019470215	19747530143	173179759	11	75071950848
a <- head(x)	1.4395300001979194e-4	1.4495849609375e-4	19747530143	173179759	11	75071950848
b <- tail(x)	1.6458700002885962e-4	0.00016546249389648438	19747530143	173179759	11	75071950848
c <- sample_n(x, 100)	0.0029245369999557624	0.0029261112213134766	19747530143	173179759	11	75071950848
"d <- filter(x, payment_type == ""UNK"")"	2.17386166	2.173884153366089	19747530143	173179759	11	75071950848
e <- group_by(x, payment_type) %>% summarise(avg_tip = mean(tip_amount))	11.14509338800002	11.145967483520508	19747530143	173179759	11	75071950848
