exprs	process	real	size	rows	cols	max_memory
({ library(readr) library(dplyr) library(purrr) })	0.2852784450000001	0.2862823009490967	19747530143	173179759	11	68142870528
"x <- map_dfr(set_names(file), .id = ""path"", ~read_csv(.x, col_types = c(picku..."	475.032626874	475.0412588119507	19747530143	173179759	11	68142870528
print(x)	0.4224021850000099	0.836052656173706	19747530143	173179759	11	68142870528
a <- head(x)	5.290510000008908e-4	5.30242919921875e-4	19747530143	173179759	11	68142870528
b <- tail(x)	5.061389999809762e-4	5.07354736328125e-4	19747530143	173179759	11	68142870528
c <- sample_n(x, 100)	0.014291614999990543	0.014293432235717773	19747530143	173179759	11	68142870528
"d <- filter(x, payment_type == ""UNK"")"	4.235514479999949	4.235594272613525	19747530143	173179759	11	68142870528
e <- group_by(x, payment_type) %>% summarise(avg_tip = mean(tip_amount))	13.503164607999963	13.503409147262573	19747530143	173179759	11	68142870528
