exprs	process	real	size	rows	cols
({ library(readr) library(dplyr) library(purrr) })	0.30442714599999987	0.30710935592651367	19747530143	173179759	11
"x <- map_dfr(set_names(file), .id = ""path"", ~read_csv(.x, col_types = c(picku..."	497.463210577	497.47127509117126	19747530143	173179759	11
print(x)	0.07670238800000106	0.07671785354614258	19747530143	173179759	11
a <- head(x)	1.4357399999198606e-4	0.00014448165893554688	19747530143	173179759	11
b <- tail(x)	1.7967500002669112e-4	1.804828643798828e-4	19747530143	173179759	11
c <- sample_n(x, 100)	0.0013253010000084942	0.0013270378112792969	19747530143	173179759	11
"d <- filter(x, payment_type == ""UNK"")"	2.2077599739999982	2.2077910900115967	19747530143	173179759	11
e <- group_by(x, payment_type) %>% summarise(avg_tip = mean(tip_amount))	9.499089717999993	9.499245882034302	19747530143	173179759	11
