exprs	process	real	size	rows	cols	max_memory
({ library(readr) library(dplyr) library(purrr) })	0.34654970499999993	0.38049817085266113	19747530143	173179759	11	62044622848
"x <- map_dfr(set_names(file), .id = ""path"", ~read_csv(.x, col_types = c(picku..."	474.171566789	474.18472242355347	19747530143	173179759	11	62044622848
print(x)	0.07944037100003243	0.07944226264953613	19747530143	173179759	11	62044622848
a <- head(x)	2.4608699999362216e-4	2.4700164794921875e-4	19747530143	173179759	11	62044622848
b <- tail(x)	4.3683899997404296e-4	4.379749298095703e-4	19747530143	173179759	11	62044622848
c <- sample_n(x, 100)	0.008899395000014465	0.008900880813598633	19747530143	173179759	11	62044622848
"d <- filter(x, payment_type == ""UNK"")"	4.075234075999958	4.075573205947876	19747530143	173179759	11	62044622848
e <- group_by(x, payment_type) %>% summarise(avg_tip = mean(tip_amount))	12.620357050000052	12.621113061904907	19747530143	173179759	11	62044622848
