exprs	process	real	size	rows	cols
({ library(vroom) library(dplyr) })	0.23378516300000007	0.23378849029541016	19747530143	173179759	11
"x <- vroom(file, id = ""path"", col_types = c(pickup_datetime = ""c""), trim_ws =..."	485.946406199	224.12811923027039	19747530143	173179759	11
print(x)	0.10332878499997378	0.10333085060119629	19747530143	173179759	11
a <- head(x)	1.2872199999947043e-4	1.2946128845214844e-4	19747530143	173179759	11
b <- tail(x)	1.473180000175489e-4	1.480579376220703e-4	19747530143	173179759	11
c <- sample_n(x, 100)	0.001334873000018888	0.0013363361358642578	19747530143	173179759	11
"d <- filter(x, payment_type == ""UNK"")"	2.24278388700003	2.242795467376709	19747530143	173179759	11
e <- group_by(x, payment_type) %>% summarise(avg_tip = mean(tip_amount))	9.664308893999987	9.6649489402771	19747530143	173179759	11
