exprs	process	real	size	rows	cols	max_memory
library(vroom)	0.11878752699999984	0.12140583992004395	19747530143	173179759	11	82612731904
"x <- vroom(file, id = ""path"", col_types = c(pickup_datetime = ""c""), trim_ws =..."	178.273364459	13.234776735305786	19747530143	173179759	11	82612731904
print(head(x, 10))	2.56335445900001	2.563016176223755	19747530143	173179759	11	82612731904
a <- head(x)	2.602819999992789e-4	2.613067626953125e-4	19747530143	173179759	11	82612731904
b <- tail(x)	4.386749999980566e-4	4.398822784423828e-4	19747530143	173179759	11	82612731904
c <- x[sample(NROW(x), 100), ]	2.560240000093472e-4	2.570152282714844e-4	19747530143	173179759	11	82612731904
"d <- x[x$payment_type == ""UNK"", ]"	17.667628786000023	17.667983055114746	19747530143	173179759	11	82612731904
e <- tapply(x$tip_amount, x$payment_type, mean)	133.66289465600002	116.78824782371521	19747530143	173179759	11	82612731904
