exprs	process	real	size	rows	cols	max_memory
({ library(vroom) library(dplyr) })	0.45455699999999993	0.533087846939452	454897	3996	11	81625088
"x <- vroom(file, id = ""path"", col_types = c(pickup_datetime = ""c""), trim_ws =..."	0.077268	0.09563700691796839	454897	3996	11	81625088
print(x)	0.22757699999999992	0.2550200510304421	454897	3996	11	81625088
a <- head(x)	3.1999999999987594e-4	3.220129292458296e-4	454897	3996	11	81625088
b <- tail(x)	3.4800000000001496e-4	3.489890368655324e-4	454897	3996	11	81625088
c <- sample_n(x, 100)	0.01936099999999996	0.010241017094813287	454897	3996	11	81625088
"d <- filter(x, payment_type == ""UNK"")"	0.00397499999999984	0.00450483406893909	454897	3996	11	81625088
e <- group_by(x, payment_type) %>% summarise(avg_tip = mean(tip_amount))	0.007697999999999983	0.010811088955961168	454897	3996	11	81625088
