exprs	process	real	size	rows	cols	max_memory
({ library(vroom) library(dplyr) })	0.27666602099999993	0.27930235862731934	19747530143	173179759	11	82993823744
"x <- vroom(file, id = ""path"", col_types = c(pickup_datetime = ""c""), trim_ws =..."	201.473607335	14.535198211669922	19747530143	173179759	11	82993823744
print(x)	2.5664063110000086	2.5660290718078613	19747530143	173179759	11	82993823744
a <- head(x)	2.264040000170553e-4	2.2721290588378906e-4	19747530143	173179759	11	82993823744
b <- tail(x)	3.7774599999806924e-4	3.788471221923828e-4	19747530143	173179759	11	82993823744
c <- sample_n(x, 100)	0.007127834999977267	0.0071294307708740234	19747530143	173179759	11	82993823744
"d <- filter(x, payment_type == ""UNK"")"	19.64281139099998	19.64331817626953	19747530143	173179759	11	82993823744
e <- group_by(x, payment_type) %>% summarise(avg_tip = mean(tip_amount))	54.463859221999996	54.46483850479126	19747530143	173179759	11	82993823744
