exprs	process	real	size	rows	cols	max_memory
library(vroom)	0.25564547800000015	0.2556495666503906	19747530143	173179759	11	94793351168
"x <- vroom(file, id = ""path"", col_types = c(pickup_datetime = ""c""), trim_ws =..."	267.45934755599995	19.79484796524048	19747530143	173179759	11	94793351168
print(head(x, 10))	2.7969885979999844	3.0451695919036865	19747530143	173179759	11	94793351168
a <- head(x)	2.660349999814571e-4	2.6726722717285156e-4	19747530143	173179759	11	94793351168
b <- tail(x)	4.959489999691868e-4	4.971027374267578e-4	19747530143	173179759	11	94793351168
c <- x[sample(NROW(x), 100), ]	2.569659999949181e-4	2.579689025878906e-4	19747530143	173179759	11	94793351168
"d <- x[x$payment_type == ""UNK"", ]"	410.22769564400005	410.2380950450897	19747530143	173179759	11	94793351168
e <- tapply(x$tip_amount, x$payment_type, mean)	2148.642652356	2130.169198513031	19747530143	173179759	11	94793351168
