exprs	process	real	size	rows	cols	max_memory
({ library(vroom) library(dplyr) })	0.286153407	0.30858802795410156	19747530143	173179759	11	61649235968
"x <- vroom(file, id = ""path"", col_types = c(pickup_datetime = ""c""), trim_ws =..."	475.88145139	210.99915528297424	19747530143	173179759	11	61649235968
print(x)	1.7629380120000064	1.7905349731445312	19747530143	173179759	11	61649235968
a <- head(x)	2.1883300001945827e-4	0.00021982192993164062	19747530143	173179759	11	61649235968
b <- tail(x)	4.1507099996351826e-4	4.162788391113281e-4	19747530143	173179759	11	61649235968
c <- sample_n(x, 100)	0.008290336000015941	0.01172780990600586	19747530143	173179759	11	61649235968
"d <- filter(x, payment_type == ""UNK"")"	11.181773442999997	11.181997060775757	19747530143	173179759	11	61649235968
e <- group_by(x, payment_type) %>% summarise(avg_tip = mean(tip_amount))	7.032837371000028	7.034307241439819	19747530143	173179759	11	61649235968
