exprs	process	real	size	rows	cols	max_memory
({ library(vroom) library(dplyr) })	0.33235053999999997	0.33341455459594727	19747530143	173179759	11	67751342080
"x <- vroom(file, id = ""path"", col_types = c(pickup_datetime = ""c""), trim_ws =..."	597.46569485	231.5269923210144	19747530143	173179759	11	67751342080
print(x)	2.0081039359999977	2.1625919342041016	19747530143	173179759	11	67751342080
a <- head(x)	0.0010905159999765601	0.0010921955108642578	19747530143	173179759	11	67751342080
b <- tail(x)	4.934970000931571e-4	0.00049495697021484375	19747530143	173179759	11	67751342080
c <- sample_n(x, 100)	0.013893959000029099	0.013895750045776367	19747530143	173179759	11	67751342080
"d <- filter(x, payment_type == ""UNK"")"	10.979450982000003	10.979716777801514	19747530143	173179759	11	67751342080
e <- group_by(x, payment_type) %>% summarise(avg_tip = mean(tip_amount))	7.2933021479999525	7.293486833572388	19747530143	173179759	11	67751342080
