exprs	process	real	size	rows	cols	max_memory
library(vroom)	0.24334018300000015	0.24334383010864258	19747530143	173179759	11	94792810496
"x <- vroom(file, id = ""path"", col_types = c(pickup_datetime = ""c""), trim_ws =..."	280.08802939099996	20.344595670700073	19747530143	173179759	11	94792810496
print(head(x, 10))	2.7922258899999974	3.047116756439209	19747530143	173179759	11	94792810496
a <- head(x)	2.6394799999707175e-4	2.655982971191406e-4	19747530143	173179759	11	94792810496
b <- tail(x)	4.8234499996624436e-4	4.837512969970703e-4	19747530143	173179759	11	94792810496
c <- x[sample(NROW(x), 100), ]	2.3426100000278893e-4	2.353191375732422e-4	19747530143	173179759	11	94792810496
"d <- x[x$payment_type == ""UNK"", ]"	21.519468974000006	21.5198495388031	19747530143	173179759	11	94792810496
e <- tapply(x$tip_amount, x$payment_type, mean)	162.64416488300003	142.6223108768463	19747530143	173179759	11	94792810496
