exprs	process	real	size	rows	cols	max_memory
library(vroom)	0.16279381500000004	0.16542530059814453	19747530143	173179759	11	80694480896
"x <- vroom(file, id = ""path"", col_types = c(pickup_datetime = ""c""), trim_ws =..."	181.707293469	13.212095022201538	19747530143	173179759	11	80694480896
print(head(x, 10))	0.17972903700001552	0.17928743362426758	19747530143	173179759	11	80694480896
a <- head(x)	1.494200000138335e-4	0.00015020370483398438	19747530143	173179759	11	80694480896
b <- tail(x)	1.6066100002376515e-4	1.614093780517578e-4	19747530143	173179759	11	80694480896
c <- x[sample(NROW(x), 100), ]	1.899030000060975e-4	1.9073486328125e-4	19747530143	173179759	11	80694480896
"d <- x[x$payment_type == ""UNK"", ]"	19.830982769000002	19.831206798553467	19747530143	173179759	11	80694480896
e <- tapply(x$tip_amount, x$payment_type, mean)	138.68691792600004	123.91247415542603	19747530143	173179759	11	80694480896
