exprs	process	real	size	rows	cols	max_memory
library(vroom)	0.23757799999999996	0.2549835980171338	454897	3996	11	79990784
"x <- vroom(file, id = ""path"", col_types = c(pickup_datetime = ""c""), trim_ws =..."	0.15526300000000004	0.16367449099197984	454897	3996	11	79990784
print(head(x, 10))	0.22398700000000005	0.23178110003937036	454897	3996	11	79990784
a <- head(x)	3.469999999999862e-4	0.0022726349998265505	454897	3996	11	79990784
b <- tail(x)	3.7799999999998946e-4	3.805020824074745e-4	454897	3996	11	79990784
c <- x[sample(NROW(x), 100), ]	5.610000000000337e-4	5.627850769087672e-4	454897	3996	11	79990784
"d <- x[x$payment_type == ""UNK"", ]"	0.0038970000000000393	0.003899995004758239	454897	3996	11	79990784
e <- tapply(x$tip_amount, x$payment_type, mean)	0.024502000000000024	0.026347865001298487	454897	3996	11	79990784
