exprs	process	real	size	rows	cols	max_memory
library(vroom)	0.15932378699999994	0.16193771362304688	19747530143	173179759	11	81227018240
"x <- vroom(file, id = ""path"", col_types = c(pickup_datetime = ""c""), trim_ws =..."	172.970682482	12.82995080947876	19747530143	173179759	11	81227018240
print(head(x, 10))	0.1349666520000028	0.13446879386901855	19747530143	173179759	11	81227018240
a <- head(x)	1.3723999998660474e-4	1.380443572998047e-4	19747530143	173179759	11	81227018240
b <- tail(x)	1.456920000180162e-4	1.4662742614746094e-4	19747530143	173179759	11	81227018240
c <- x[sample(NROW(x), 100), ]	1.6906199999766613e-4	1.6999244689941406e-4	19747530143	173179759	11	81227018240
"d <- x[x$payment_type == ""UNK"", ]"	20.473884182000006	20.474132537841797	19747530143	173179759	11	81227018240
e <- tapply(x$tip_amount, x$payment_type, mean)	142.219545526	125.67857789993286	19747530143	173179759	11	81227018240
