exprs	process	real	size	rows	cols	max_memory
({ library(vroom) library(dplyr) })	0.3229789220000001	0.3229827880859375	19747530143	173179759	11	94496784384
"x <- vroom(file, id = ""path"", col_types = c(pickup_datetime = ""c""), trim_ws =..."	281.055523347	20.365679502487183	19747530143	173179759	11	94496784384
print(x)	2.542836164999983	2.785041570663452	19747530143	173179759	11	94496784384
a <- head(x)	9.97338999980002e-4	9.989738464355469e-4	19747530143	173179759	11	94496784384
b <- tail(x)	4.8055199999907927e-4	4.818439483642578e-4	19747530143	173179759	11	94496784384
c <- sample_n(x, 100)	0.01243754600000102	0.012439489364624023	19747530143	173179759	11	94496784384
"d <- filter(x, payment_type == ""UNK"")"	23.858187990000033	23.858795642852783	19747530143	173179759	11	94496784384
e <- group_by(x, payment_type) %>% summarise(avg_tip = mean(tip_amount))	65.63478174599999	65.63620686531067	19747530143	173179759	11	94496784384
