exprs	process	real	size	rows	cols	max_memory
({ library(vroom) library(dplyr) })	0.455037	0.5152302300557494	454897	3996	11	81719296
"x <- vroom(file, id = ""path"", col_types = c(pickup_datetime = ""c""), trim_ws =..."	0.07449499999999998	0.08173750794958323	454897	3996	11	81719296
print(x)	0.236885	0.30878390895668417	454897	3996	11	81719296
a <- head(x)	3.3199999999999896e-4	3.340020775794983e-4	454897	3996	11	81719296
b <- tail(x)	3.4700000000009723e-4	3.486640052869916e-4	454897	3996	11	81719296
c <- sample_n(x, 100)	0.022286999999999946	0.022073679021559656	454897	3996	11	81719296
"d <- filter(x, payment_type == ""UNK"")"	0.003991000000000078	0.004054526914842427	454897	3996	11	81719296
e <- group_by(x, payment_type) %>% summarise(avg_tip = mean(tip_amount))	0.007482000000000211	0.007764279027469456	454897	3996	11	81719296
