exprs	process	real	size	rows	cols	max_memory
({ library(vroom) library(dplyr) })	0.317607953	0.31838297843933105	19747530143	173179759	11	67751387136
"x <- vroom(file, id = ""path"", col_types = c(pickup_datetime = ""c""), trim_ws =..."	607.194956447	232.3293113708496	19747530143	173179759	11	67751387136
print(x)	2.005394704000082	2.162087917327881	19747530143	173179759	11	67751387136
a <- head(x)	0.0010485940000535265	0.0010504722595214844	19747530143	173179759	11	67751387136
b <- tail(x)	4.88735000089946e-4	4.901885986328125e-4	19747530143	173179759	11	67751387136
c <- sample_n(x, 100)	0.0136381549999669	0.013639688491821289	19747530143	173179759	11	67751387136
"d <- filter(x, payment_type == ""UNK"")"	10.491835902000048	10.491984844207764	19747530143	173179759	11	67751387136
e <- group_by(x, payment_type) %>% summarise(avg_tip = mean(tip_amount))	7.2028114820000155	7.202939510345459	19747530143	173179759	11	67751387136
