exprs	process	real	size	rows	cols
({ library(vroom) library(dplyr) })	0.27404360299999997	0.39425134658813477	19747530143	173179759	11
"x <- vroom(file, id = ""path"", col_types = c(pickup_datetime = ""c""), trim_ws =..."	174.319190281	12.965184211730957	19747530143	173179759	11
print(x)	0.17536579200000801	0.20864319801330566	19747530143	173179759	11
a <- head(x)	1.36270000012928e-4	1.373291015625e-4	19747530143	173179759	11
b <- tail(x)	1.4419400000065252e-4	1.4495849609375e-4	19747530143	173179759	11
c <- sample_n(x, 100)	99.74445422600002	10.519680261611938	19747530143	173179759	11
"d <- filter(x, payment_type == ""UNK"")"	20.169161158999998	20.16939687728882	19747530143	173179759	11
e <- group_by(x, payment_type) %>% summarise(avg_tip = mean(tip_amount))	28.66425115200002	28.673185110092163	19747530143	173179759	11
