exprs	process	real	size	rows	cols	max_memory
({ library(vroom) library(dplyr) })	0.31688826299999984	0.3168914318084717	19747530143	173179759	11	94496755712
"x <- vroom(file, id = ""path"", col_types = c(pickup_datetime = ""c""), trim_ws =..."	107.951067371	35.25829529762268	19747530143	173179759	11	94496755712
print(x)	2.4542150160000062	2.6349174976348877	19747530143	173179759	11	94496755712
a <- head(x)	9.912939999878745e-4	9.925365447998047e-4	19747530143	173179759	11	94496755712
b <- tail(x)	4.610339999970847e-4	4.622936248779297e-4	19747530143	173179759	11	94496755712
c <- sample_n(x, 100)	0.012301681000010944	0.012311935424804688	19747530143	173179759	11	94496755712
"d <- filter(x, payment_type == ""UNK"")"	402.9606095099999	402.97095799446106	19747530143	173179759	11	94496755712
e <- group_by(x, payment_type) %>% summarise(avg_tip = mean(tip_amount))	917.161387672	917.1777758598328	19747530143	173179759	11	94496755712
