exprs	process	real	size	rows	cols	max_memory
({ library(vroom) library(dplyr) })	0.24903481299999974	0.251619815826416	19747530143	173179759	11	86095544320
"x <- vroom(file, id = ""path"", col_types = c(pickup_datetime = ""c""), trim_ws =..."	172.56784214200002	12.726640701293945	19747530143	173179759	11	86095544320
print(x)	0.16092227000001458	0.16043853759765625	19747530143	173179759	11	86095544320
a <- head(x)	1.5247199999635086e-4	1.5354156494140625e-4	19747530143	173179759	11	86095544320
b <- tail(x)	1.5879000000040833e-4	0.00015974044799804688	19747530143	173179759	11	86095544320
c <- sample_n(x, 100)	111.14679750799999	11.35076117515564	19747530143	173179759	11	86095544320
"d <- filter(x, payment_type == ""UNK"")"	21.274678902000005	21.275153398513794	19747530143	173179759	11	86095544320
e <- group_by(x, payment_type) %>% summarise(avg_tip = mean(tip_amount))	27.545240104000015	27.545619249343872	19747530143	173179759	11	86095544320
