exprs	process	real	size	rows	cols
library(vroom)	0.137760487	0.14044976234436035	19747530143	173179759	11
"x <- vroom(file, id = ""path"", col_types = c(pickup_datetime = ""c""), trim_ws =..."	171.919039642	12.628605842590332	19747530143	173179759	11
print(head(x, 10))	0.13629845700000942	0.13580846786499023	19747530143	173179759	11
a <- head(x)	1.4775299999314484e-4	1.48773193359375e-4	19747530143	173179759	11
b <- tail(x)	1.5896700000439523e-4	0.00015974044799804688	19747530143	173179759	11
c <- x[sample(NROW(x), 100), ]	1.7985000002340712e-4	0.00018072128295898438	19747530143	173179759	11
"d <- x[x$payment_type == ""UNK"", ]"	19.561045533999987	19.56127119064331	19747530143	173179759	11
e <- tapply(x$tip_amount, x$payment_type, mean)	134.268001957	119.64189457893372	19747530143	173179759	11
