exprs	process	real	size	rows	cols
({ library(vroom) library(dplyr) })	0.22750719399999997	0.2275228500366211	19747530143	173179759	11
"x <- vroom(file, id = ""path"", col_types = c(pickup_datetime = ""c""), trim_ws =..."	47.914175545	53.53288125991821	19747530143	173179759	11
print(x)	0.16952251300000398	0.16898036003112793	19747530143	173179759	11
a <- head(x)	1.361140000000205e-4	1.3709068298339844e-4	19747530143	173179759	11
b <- tail(x)	1.381240000029038e-4	1.3899803161621094e-4	19747530143	173179759	11
c <- sample_n(x, 100)	99.815429298	10.51255202293396	19747530143	173179759	11
"d <- filter(x, payment_type == ""UNK"")"	19.91108106600001	19.91131019592285	19747530143	173179759	11
e <- group_by(x, payment_type) %>% summarise(avg_tip = mean(tip_amount))	26.617728075000002	26.618592262268066	19747530143	173179759	11
