exprs	process	real	size	rows	cols	max_memory
({ library(vroom) library(dplyr) })	0.46108499999999997	0.4942269780440256	454897	3996	11	85741568
"x <- vroom(file, id = ""path"", col_types = c(pickup_datetime = ""c""), trim_ws =..."	0.110595	0.12553968199063092	454897	3996	11	85741568
print(x)	0.27229500000000006	0.3141005509532988	454897	3996	11	85741568
a <- head(x)	1.8300000000004424e-4	1.8367695156484842e-4	454897	3996	11	85741568
b <- tail(x)	2.3399999999984544e-4	2.3596698883920908e-4	454897	3996	11	85741568
c <- sample_n(x, 100)	0.0018719999999998738	0.0018743970431387424	454897	3996	11	85741568
"d <- filter(x, payment_type == ""UNK"")"	8.439999999998449e-4	8.4561703260988e-4	454897	3996	11	85741568
e <- group_by(x, payment_type) %>% summarise(avg_tip = mean(tip_amount))	0.004605000000000192	0.004859598004259169	454897	3996	11	85741568
