exprs	process	real	size	rows	cols	max_memory
({ library(vroom) library(dplyr) })	0.25181564600000006	0.27303385734558105	19747530143	173179759	11	58901131264
"x <- vroom(file, id = ""path"", col_types = c(pickup_datetime = ""c""), trim_ws =..."	470.527685102	215.81583714485168	19747530143	173179759	11	58901131264
print(x)	0.09981990999995105	0.141373872756958	19747530143	173179759	11	58901131264
a <- head(x)	1.2447000000292974e-4	1.251697540283203e-4	19747530143	173179759	11	58901131264
b <- tail(x)	1.3811399998076013e-4	1.3899803161621094e-4	19747530143	173179759	11	58901131264
c <- sample_n(x, 100)	0.0013402120000023388	0.0013420581817626953	19747530143	173179759	11	58901131264
"d <- filter(x, payment_type == ""UNK"")"	2.219336682000005	2.2193586826324463	19747530143	173179759	11	58901131264
e <- group_by(x, payment_type) %>% summarise(avg_tip = mean(tip_amount))	9.774031327999978	9.780897617340088	19747530143	173179759	11	58901131264
