exprs	process	real	size	rows	cols
library(vroom)	0.13051811599999996	0.21467852592468262	19747530143	173179759	11
"x <- vroom(file, id = ""path"", col_types = c(pickup_datetime = ""c""), trim_ws =..."	125.100540809	31.663528203964233	19747530143	173179759	11
print(head(x, 10))	0.14471903999999824	0.20596909523010254	19747530143	173179759	11
a <- head(x)	1.50063999996064e-4	0.00015115737915039062	19747530143	173179759	11
b <- tail(x)	1.5504699999269178e-4	0.00015592575073242188	19747530143	173179759	11
c <- x[sample(NROW(x), 100), ]	1.8173000000842876e-4	0.00018262863159179688	19747530143	173179759	11
"d <- x[x$payment_type == ""UNK"", ]"	18.864704040999996	18.864927768707275	19747530143	173179759	11
e <- tapply(x$tip_amount, x$payment_type, mean)	131.34645678500002	116.74901509284973	19747530143	173179759	11
