exprs	process	real	size	rows	cols	max_memory
({ library(vroom) library(dplyr) })	0.27091957499999997	0.2734239101409912	19747530143	173179759	11	85568999424
"x <- vroom(file, id = ""path"", col_types = c(pickup_datetime = ""c""), trim_ws =..."	170.01307278800002	12.533759117126465	19747530143	173179759	11	85568999424
print(x)	0.1865125829999954	0.18601417541503906	19747530143	173179759	11	85568999424
a <- head(x)	1.5133499999819833e-4	1.5234947204589844e-4	19747530143	173179759	11	85568999424
b <- tail(x)	1.969059999851197e-4	0.00019788742065429688	19747530143	173179759	11	85568999424
c <- sample_n(x, 100)	100.34585995300003	10.593563318252563	19747530143	173179759	11	85568999424
"d <- filter(x, payment_type == ""UNK"")"	19.134388617000013	19.134567975997925	19747530143	173179759	11	85568999424
e <- group_by(x, payment_type) %>% summarise(avg_tip = mean(tip_amount))	26.434390409000002	26.434585571289062	19747530143	173179759	11	85568999424
