exprs	process	real	size	rows	cols	max_memory
({ library(vroom) library(dplyr) })	0.45792099999999997	0.5346066150814295	454897	3996	11	85254144
"x <- vroom(file, id = ""path"", col_types = c(pickup_datetime = ""c""), trim_ws =..."	0.11221499999999995	0.13258675602264702	454897	3996	11	85254144
print(x)	0.276031	0.34058300603646785	454897	3996	11	85254144
a <- head(x)	1.660000000001105e-4	1.675090752542019e-4	454897	3996	11	85254144
b <- tail(x)	1.9900000000006024e-4	2.0050606690347195e-4	454897	3996	11	85254144
c <- sample_n(x, 100)	0.0017080000000000428	0.0017106460873037577	454897	3996	11	85254144
"d <- filter(x, payment_type == ""UNK"")"	8.420000000000094e-4	8.449910674244165e-4	454897	3996	11	85254144
e <- group_by(x, payment_type) %>% summarise(avg_tip = mean(tip_amount))	0.004834000000000005	0.004865361959673464	454897	3996	11	85254144
