exprs	process	real	size	rows	cols	max_memory
({ library(vroom) library(dplyr) })	0.26876157599999995	0.2991008758544922	19747530143	173179759	11	58378268672
"x <- vroom(file, id = ""path"", col_types = c(pickup_datetime = ""c""), trim_ws =..."	468.701630742	217.3966522216797	19747530143	173179759	11	58378268672
print(x)	0.11596805500005303	0.19502663612365723	19747530143	173179759	11	58378268672
a <- head(x)	1.1768600001005325e-4	1.1849403381347656e-4	19747530143	173179759	11	58378268672
b <- tail(x)	1.3955800000076124e-4	1.404285430908203e-4	19747530143	173179759	11	58378268672
c <- sample_n(x, 100)	0.00296998800001802	0.0029714107513427734	19747530143	173179759	11	58378268672
"d <- filter(x, payment_type == ""UNK"")"	2.2130256629999963	2.2130513191223145	19747530143	173179759	11	58378268672
e <- group_by(x, payment_type) %>% summarise(avg_tip = mean(tip_amount))	9.761109024999996	9.766232013702393	19747530143	173179759	11	58378268672
