exprs	process	real	size	rows	cols	max_memory
"{ library(vroom) data <- vroom(file, col_types = c(pickup_datetime = ""c"")) vr..."	34.809351267000004	14.191580772399902	1641999923	14388451	11	6569893888
"data.table::fwrite(data, tempfile(fileext = "".gz""), sep = ""\t"", nThread = 1)"	66.73469051200001	66.74246096611023	1641999923	14388451	11	6569893888
