exprs	process	real	size	rows	cols	max_memory
"{ library(vroom) data <- vroom(file, col_types = c(pickup_datetime = ""c"")) vr..."	46.265363019999995	15.370823621749878	1641999923	14388451	11	6815903744
"readr::write_tsv(data, tempfile(fileext = "".tsv""))"	51.493598233	51.49993848800659	1641999923	14388451	11	6815903744
