exprs	process	real	size	rows	cols	max_memory
"{ library(vroom) data <- vroom(file, col_types = c(pickup_datetime = ""c"")) vr..."	52.427885992	16.014821529388428	1641999923	14388451	11	6816428032
"readr::write_tsv(data, tempfile(fileext = "".gz""))"	120.15885149100001	120.1623752117157	1641999923	14388451	11	6816428032
