exprs	process	real	size	rows	cols	max_memory
"{ library(vroom) data <- vroom(file, col_types = c(pickup_datetime = ""c"")) vr..."	35.59598887	14.246237993240356	1641999923	14388451	11	6824599552
"readr::write_tsv(data, tempfile(fileext = "".tsv""))"	49.20209362400001	49.220298767089844	1641999923	14388451	11	6824599552
