exprs	process	real	size	rows	cols	max_memory
"{ library(vroom) data <- vroom(file, col_types = c(pickup_datetime = ""c"")) vr..."	35.699782391	14.628340721130371	1641999923	14388451	11	6761213952
"readr::write_tsv(data, tempfile(fileext = "".tsv""))"	51.654297011	51.66597032546997	1641999923	14388451	11	6761213952
