exprs	process	real	size	rows	cols	max_memory
"{ library(vroom) data <- vroom(file, col_types = c(pickup_datetime = ""c"")) vr..."	34.155033553	13.658146142959595	1593879803	13971118	11	6439968768
"vroom_write(data, tempfile(fileext = "".gz""), delim = ""\t"")"	97.27302056299999	77.54011988639832	1593879803	13971118	11	6439968768
