exprs	process	real	size	rows	cols	max_memory
"{ library(vroom) data <- vroom(file, col_types = c(pickup_datetime = ""c"")) vr..."	34.728856946	14.390378475189209	1641999923	14388451	11	7567106048
"vroom_write(data, tempfile(fileext = "".tsv""), delim = ""\t"")"	23.752836127000002	1.675154447555542	1641999923	14388451	11	7567106048
