exprs	process	real	size	rows	cols	max_memory
"{ library(vroom) data <- vroom(file, col_types = c(pickup_datetime = ""c"")) vr..."	33.884864334	13.729541540145874	1593879803	13971118	11	7372173312
"vroom_write(data, tempfile(fileext = "".tsv""), delim = ""\t"")"	22.585090277999996	1.6127312183380127	1593879803	13971118	11	7372173312
