exprs	process	real	size	rows	cols	max_memory
"{ library(vroom) data <- vroom(file, col_types = c(pickup_datetime = ""c"")) vr..."	52.838888093	18.450870513916016	1641999923	14388451	11	7582793728
"vroom_write(data, tempfile(fileext = "".tsv""), delim = ""\t"")"	22.587353183000005	1.6948139667510986	1641999923	14388451	11	7582793728
