exprs	process	real	size	rows	cols	max_memory
library(data.table)	0.05604013600000002	0.056043386459350586	1641999923	14388451	11	6778642432
"x <- fread(file, sep = "","", quote = """", strip.white = FALSE, na.strings = NULL)"	65.772819831	13.116323232650757	1641999923	14388451	11	6778642432
print(x)	0.012630643999997915	0.012633085250854492	1641999923	14388451	11	6778642432
a <- head(x)	2.3442399999851204e-4	0.00023603439331054688	1641999923	14388451	11	6778642432
b <- tail(x)	2.079309999913903e-4	0.00020933151245117188	1641999923	14388451	11	6778642432
c <- x[sample(NROW(x), 100), ]	6.906100000065862e-4	6.921291351318359e-4	1641999923	14388451	11	6778642432
"d <- x[payment_type == ""UNK"", ]"	0.4066590680000104	0.10808086395263672	1641999923	14388451	11	6778642432
e <- x[, .(mean(tip_amount)), by = payment_type]	1.237471733999996	0.21087431907653809	1641999923	14388451	11	6778642432
