exprs	process	real	size	rows	cols	max_memory
library(data.table)	0.05091800000000002	0.05416396597865969	1666833417	14776615	11	5037379584
"x <- fread(file, sep = "","", quote = """", strip.white = FALSE, na.strings = NULL)"	8.629099	8.642909424961545	1666833417	14776615	11	5037379584
print(x)	0.014775000000000205	0.023863517912104726	1666833417	14776615	11	5037379584
a <- head(x)	2.479999999991378e-4	2.4992204271256924e-4	1666833417	14776615	11	5037379584
b <- tail(x)	2.030000000008414e-4	2.044870052486658e-4	1666833417	14776615	11	5037379584
c <- x[sample(NROW(x), 100), ]	7.060000000009836e-4	7.081399671733379e-4	1666833417	14776615	11	5037379584
"d <- x[payment_type == ""UNK"", ]"	0.2179500000000001	0.21808017999865115	1666833417	14776615	11	5037379584
e <- x[, .(mean(tip_amount)), by = payment_type]	1.0451390000000007	1.045446368982084	1666833417	14776615	11	5037379584
