exprs	process	real	size	rows	cols	max_memory
library(data.table)	0.0535136759999999	0.05351758003234863	1641999923	14388451	11	6853369856
"x <- fread(file, sep = "","", quote = """", strip.white = FALSE, na.strings = NULL)"	28.634132631	5.829838037490845	1641999923	14388451	11	6853369856
print(x)	0.011972201999999044	0.011974573135375977	1641999923	14388451	11	6853369856
a <- head(x)	2.2678200000214588e-4	2.281665802001953e-4	1641999923	14388451	11	6853369856
b <- tail(x)	1.8586699999900702e-4	0.00018739700317382812	1641999923	14388451	11	6853369856
c <- x[sample(NROW(x), 100), ]	6.299819999995293e-4	6.320476531982422e-4	1641999923	14388451	11	6853369856
"d <- x[payment_type == ""UNK"", ]"	0.34992646499999935	0.10343503952026367	1641999923	14388451	11	6853369856
e <- x[, .(mean(tip_amount)), by = payment_type]	1.6930106420000008	0.76350998878479	1641999923	14388451	11	6853369856
