exprs	process	real	size	rows	cols	max_memory
library(data.table)	0.04852039500000016	0.0485231876373291	1593879803	13971118	11	6947594240
"x <- fread(file, sep = "","", quote = """", strip.white = FALSE, na.strings = NULL)"	58.291762219999995	11.882899045944214	1593879803	13971118	11	6947594240
print(x)	0.028507726999997374	0.011610746383666992	1593879803	13971118	11	6947594240
a <- head(x)	2.058399999995686e-4	2.071857452392578e-4	1593879803	13971118	11	6947594240
b <- tail(x)	1.7758299999570681e-4	0.00017881393432617188	1593879803	13971118	11	6947594240
c <- x[sample(NROW(x), 100), ]	5.82022000003235e-4	5.83648681640625e-4	1593879803	13971118	11	6947594240
"d <- x[payment_type == ""UNK"", ]"	0.6121094140000025	0.13266944885253906	1593879803	13971118	11	6947594240
e <- x[, .(mean(tip_amount)), by = payment_type]	1.5482837749999945	0.21773600578308105	1593879803	13971118	11	6947594240
