exprs	process	real	size	rows	cols
library(data.table)	0.049432633999999975	0.049436330795288086	1681610033	14776615	11
"x <- fread(file, sep = "","", quote = """", strip.white = FALSE, na.strings = NULL)"	70.26436265999999	14.647756814956665	1681610033	14776615	11
print(x)	0.0253436809999954	0.011689901351928711	1681610033	14776615	11
a <- head(x)	2.1326200000260087e-4	2.1457672119140625e-4	1681610033	14776615	11
b <- tail(x)	1.798119999989467e-4	1.8095970153808594e-4	1681610033	14776615	11
c <- x[sample(NROW(x), 100), ]	5.954269999932649e-4	5.974769592285156e-4	1681610033	14776615	11
"d <- x[payment_type == ""UNK"", ]"	0.5862789070000076	0.1288304328918457	1681610033	14776615	11
e <- x[, .(mean(tip_amount)), by = payment_type]	1.4970027680000015	0.21050190925598145	1681610033	14776615	11
