exprs	process	real	size	rows	cols	max_memory
library(data.table)	0.047828499999999996	0.04828667640686035	1593879803	13971118	11	6414213120
"x <- fread(file, sep = "","", quote = """", strip.white = FALSE, na.strings = NULL)"	53.774637764	10.97248363494873	1593879803	13971118	11	6414213120
print(x)	0.024831767999998533	0.011116981506347656	1593879803	13971118	11	6414213120
a <- head(x)	2.0152200000467246e-4	0.00020265579223632812	1593879803	13971118	11	6414213120
b <- tail(x)	1.7521400000219955e-4	1.7642974853515625e-4	1593879803	13971118	11	6414213120
c <- x[sample(NROW(x), 100), ]	3.707609999992201e-4	3.7217140197753906e-4	1593879803	13971118	11	6414213120
"d <- x[payment_type == ""UNK"", ]"	0.5143827189999968	0.09414196014404297	1593879803	13971118	11	6414213120
e <- x[, .(mean(tip_amount)), by = payment_type]	1.495746491999995	0.21589875221252441	1593879803	13971118	11	6414213120
