exprs	process	real	size	rows	cols	max_memory
library(data.table)	0.10813300000000003	0.12580515898298472	112742	999	11	79523840
"x <- fread(file, sep = "","", quote = """", strip.white = FALSE, na.strings = NULL)"	0.006055000000000033	0.0096481260843575	112742	999	11	79523840
print(x)	0.021177	0.025580881047062576	112742	999	11	79523840
a <- head(x)	6.929999999999992e-4	8.238400332629681e-4	112742	999	11	79523840
b <- tail(x)	6.580000000000474e-4	6.84768077917397e-4	112742	999	11	79523840
c <- x[sample(NROW(x), 100), ]	0.0013039999999999718	0.001906870980747044	112742	999	11	79523840
"d <- x[payment_type == ""UNK"", ]"	0.00797500000000001	0.007983479998074472	112742	999	11	79523840
e <- x[, .(mean(tip_amount)), by = payment_type]	0.0021930000000000005	0.0033819549717009068	112742	999	11	79523840
