exprs	process	real	size	rows	cols	max_memory
library(data.table)	0.10724299999999998	0.12270026397891343	112742	999	11	78786560
"x <- fread(file, sep = "","", quote = """", strip.white = FALSE, na.strings = NULL)"	0.006180000000000019	0.010273676016367972	112742	999	11	78786560
print(x)	0.02019299999999996	0.021843609982170165	112742	999	11	78786560
a <- head(x)	7.000000000000339e-4	8.534720400348306e-4	112742	999	11	78786560
b <- tail(x)	6.530000000000147e-4	6.56396965496242e-4	112742	999	11	78786560
c <- x[sample(NROW(x), 100), ]	0.0014739999999999753	0.021787506993860006	112742	999	11	78786560
"d <- x[payment_type == ""UNK"", ]"	0.00878699999999999	0.025437687058001757	112742	999	11	78786560
e <- x[, .(mean(tip_amount)), by = payment_type]	0.002690999999999999	0.014524169033393264	112742	999	11	78786560
