exprs	process	real	size	rows	cols
({ library(readr) library(dplyr) })	0.2869637680000001	0.2895803451538086	1681610033	14776615	11
"x <- read_csv(file, col_types = c(pickup_datetime = ""c""), quote = """", trim_ws..."	34.464273223	34.4646577835083	1681610033	14776615	11
print(x)	0.0751740469999973	0.07517600059509277	1681610033	14776615	11
a <- head(x)	1.3779399999691577e-4	1.385211944580078e-4	1681610033	14776615	11
b <- tail(x)	1.6113299999886976e-4	1.621246337890625e-4	1681610033	14776615	11
c <- sample_n(x, 100)	0.001272450000001868	0.00127410888671875	1681610033	14776615	11
"d <- filter(x, payment_type == ""UNK"")"	0.1809611079999982	0.1809706687927246	1681610033	14776615	11
e <- group_by(x, payment_type) %>% summarise(avg_tip = mean(tip_amount))	0.7482157000000029	0.748218297958374	1681610033	14776615	11
