exprs	process	real	size	rows	cols	max_memory
({ })	3.788000000115588e-6	5.9604644775390625e-6	1641999923	14388451	11	6637600768
"x <- read.delim(file, sep = "","", quote = """", na.strings = NULL, stringsAsFact..."	72.493782117	72.4955666065216	1641999923	14388451	11	6637600768
print(head(x, 10))	0.0055868709999913335	0.0055882930755615234	1641999923	14388451	11	6637600768
a <- head(x)	1.7564399999514535e-4	1.766681671142578e-4	1641999923	14388451	11	6637600768
b <- tail(x)	3.9993900000467875e-4	4.010200500488281e-4	1641999923	14388451	11	6637600768
c <- x[sample(NROW(x), 100), ]	3.838999999885573e-4	3.85284423828125e-4	1641999923	14388451	11	6637600768
"d <- x[x$payment_type == ""UNK"", ]"	1.1490530869999986	1.1490788459777832	1641999923	14388451	11	6637600768
e <- tapply(x$tip_amount, x$payment_type, mean)	0.8856892879999947	0.8857073783874512	1641999923	14388451	11	6637600768
