exprs	process	real	size	rows	cols	max_memory
({ })	3.1430000000387537e-6	5.0067901611328125e-6	1641999923	14388451	11	7558320128
"x <- read.delim(file, sep = "","", quote = """", na.strings = NULL, stringsAsFact..."	74.370449239	74.37177658081055	1641999923	14388451	11	7558320128
print(head(x, 10))	0.005586970000010183	0.005588531494140625	1641999923	14388451	11	7558320128
a <- head(x)	1.5878700000371282e-4	0.00015974044799804688	1641999923	14388451	11	7558320128
b <- tail(x)	3.735220000038453e-4	3.745555877685547e-4	1641999923	14388451	11	7558320128
c <- x[sample(NROW(x), 100), ]	3.746830000039836e-4	3.7598609924316406e-4	1641999923	14388451	11	7558320128
"d <- x[x$payment_type == ""UNK"", ]"	1.1289290590000007	1.1289517879486084	1641999923	14388451	11	7558320128
e <- tapply(x$tip_amount, x$payment_type, mean)	0.8874428860000023	0.8874695301055908	1641999923	14388451	11	7558320128
