exprs	process	real	size	rows	cols	max_memory
({ })	2.5499999999900602e-6	4.76837158203125e-6	1593879803	13971118	11	6513844224
"x <- read.delim(file, sep = "","", quote = """", na.strings = NULL, stringsAsFact..."	66.735541615	66.7361536026001	1593879803	13971118	11	6513844224
print(head(x, 10))	0.005482534999998734	0.005485057830810547	1593879803	13971118	11	6513844224
a <- head(x)	1.4850099999819122e-4	1.494884490966797e-4	1593879803	13971118	11	6513844224
b <- tail(x)	1.6656100000034257e-4	0.00016736984252929688	1593879803	13971118	11	6513844224
c <- x[sample(NROW(x), 100), ]	2.9391600000394646e-4	2.949237823486328e-4	1593879803	13971118	11	6513844224
"d <- x[x$payment_type == ""UNK"", ]"	0.31354517399999793	0.31355786323547363	1593879803	13971118	11	6513844224
e <- tapply(x$tip_amount, x$payment_type, mean)	0.9491579839999957	0.9491713047027588	1593879803	13971118	11	6513844224
