exprs	process	real	size	rows	cols	max_memory
({ })	4.000000000004e-6	6.387941539287567e-6	112742	999	11	75956224
"x <- read.delim(file, sep = "","", quote = """", na.strings = NULL, stringsAsFact..."	0.011299999999999977	0.014874450978823006	112742	999	11	75956224
print(head(x, 10))	0.009564000000000017	0.009703585994429886	112742	999	11	75956224
a <- head(x)	2.2600000000000398e-4	2.2821698803454638e-4	112742	999	11	75956224
b <- tail(x)	3.0800000000003047e-4	3.1013996340334415e-4	112742	999	11	75956224
c <- x[sample(NROW(x), 100), ]	4.429999999999712e-4	4.450229462236166e-4	112742	999	11	75956224
"d <- x[x$payment_type == ""UNK"", ]"	2.58000000000036e-4	2.6022305246442556e-4	112742	999	11	75956224
e <- tapply(x$tip_amount, x$payment_type, mean)	8.279999999999954e-4	8.318019099533558e-4	112742	999	11	75956224
