exprs	process	real	size	rows	cols	max_memory
({ library(readr) library(dplyr) })	0.30363342800000015	0.3036365509033203	1641999923	14388451	11	7415939072
"x <- read_csv(file, col_types = c(pickup_datetime = ""c""), quote = """", trim_ws..."	32.894448612	32.89534902572632	1641999923	14388451	11	7415939072
print(x)	0.11059585499999969	0.13363003730773926	1641999923	14388451	11	7415939072
a <- head(x)	0.001229246000001183	0.0012307167053222656	1641999923	14388451	11	7415939072
b <- tail(x)	5.154619999956367e-4	5.166530609130859e-4	1641999923	14388451	11	7415939072
c <- sample_n(x, 100)	0.014281445000001725	0.014283180236816406	1641999923	14388451	11	7415939072
"d <- filter(x, payment_type == ""UNK"")"	0.24257758400000284	0.24257969856262207	1641999923	14388451	11	7415939072
e <- group_by(x, payment_type) %>% summarise(avg_tip = mean(tip_amount))	0.525002157000003	0.5250494480133057	1641999923	14388451	11	7415939072
