exprs	process	real	size	rows	cols	max_memory
({ })	2.617000000038061e-6	4.291534423828125e-6	1641999923	14388451	11	6637604864
"x <- read.delim(file, sep = "","", quote = """", na.strings = NULL, stringsAsFact..."	72.30426375399999	72.30614757537842	1641999923	14388451	11	6637604864
print(head(x, 10))	0.0059510929999930795	0.0059528350830078125	1641999923	14388451	11	6637604864
a <- head(x)	1.9695099999239574e-4	1.983642578125e-4	1641999923	14388451	11	6637604864
b <- tail(x)	4.1288200000622055e-4	4.1413307189941406e-4	1641999923	14388451	11	6637604864
c <- x[sample(NROW(x), 100), ]	3.71048000005203e-4	3.726482391357422e-4	1641999923	14388451	11	6637604864
"d <- x[x$payment_type == ""UNK"", ]"	1.2673573149999982	1.2681455612182617	1641999923	14388451	11	6637604864
e <- tapply(x$tip_amount, x$payment_type, mean)	0.8941533619999973	0.8941662311553955	1641999923	14388451	11	6637604864
