exprs	process	real	size	rows	cols
({ })	3.4840000000535554e-6	5.7220458984375e-6	1681610033	14776615	11
"x <- read.delim(file, sep = "","", quote = """", na.strings = NULL, stringsAsFact..."	74.43558289399999	74.43642711639404	1681610033	14776615	11
print(head(x, 10))	0.005265487000002622	0.005266666412353516	1681610033	14776615	11
a <- head(x)	1.3099000000238448e-4	0.00013208389282226562	1681610033	14776615	11
b <- tail(x)	1.5762900000027003e-4	1.583099365234375e-4	1681610033	14776615	11
c <- x[sample(NROW(x), 100), ]	2.946239999914724e-4	2.9587745666503906e-4	1681610033	14776615	11
"d <- x[x$payment_type == ""UNK"", ]"	0.3994421150000136	0.3994441032409668	1681610033	14776615	11
e <- tapply(x$tip_amount, x$payment_type, mean)	1.4121968799999962	1.4122378826141357	1681610033	14776615	11
