exprs	process	real	size	rows	cols	max_memory
({ library(readr) library(dplyr) })	0.33623017600000016	0.3362598419189453	1641999923	14388451	11	7415922688
"x <- read_csv(file, col_types = c(pickup_datetime = ""c""), quote = """", trim_ws..."	37.30245180599999	37.303383588790894	1641999923	14388451	11	7415922688
print(x)	0.12003345499999796	0.14695501327514648	1641999923	14388451	11	7415922688
a <- head(x)	0.0013562000000035823	0.0013580322265625	1641999923	14388451	11	7415922688
b <- tail(x)	6.067529999995713e-4	6.082057952880859e-4	1641999923	14388451	11	7415922688
c <- sample_n(x, 100)	0.01610033400000077	0.01610279083251953	1641999923	14388451	11	7415922688
"d <- filter(x, payment_type == ""UNK"")"	0.24887825199999725	0.24891424179077148	1641999923	14388451	11	7415922688
e <- group_by(x, payment_type) %>% summarise(avg_tip = mean(tip_amount))	0.5376497970000003	0.5376534461975098	1641999923	14388451	11	7415922688
