exprs	process	real	size	rows	cols	max_memory
({ })	3.0000000000030003e-6	4.3460167944431305e-6	1666833417	14776615	11	6652964864
"x <- read.delim(file, sep = "","", quote = """", na.strings = NULL, stringsAsFact..."	64.714238	64.72681585291866	1666833417	14776615	11	6652964864
print(head(x, 10))	0.0044649999999961665	0.00446611805818975	1666833417	14776615	11	6652964864
a <- head(x)	2.1399999999971442e-4	2.1566299255937338e-4	1666833417	14776615	11	6652964864
b <- tail(x)	4.519999999956781e-4	4.714339738711715e-4	1666833417	14776615	11	6652964864
c <- x[sample(NROW(x), 100), ]	3.500000000116188e-4	3.514819545671344e-4	1666833417	14776615	11	6652964864
"d <- x[x$payment_type == ""UNK"", ]"	0.30604200000000503	0.30616687901783735	1666833417	14776615	11	6652964864
e <- tapply(x$tip_amount, x$payment_type, mean)	0.7311069999999944	0.7312228330411017	1666833417	14776615	11	6652964864
