exprs	process	real	size	rows	cols	max_memory
({ library(readr) library(dplyr) })	0.567418	0.6276132600614801	112742	999	11	84787200
"x <- read_csv(file, col_types = c(pickup_datetime = ""c""), quote = """", trim_ws..."	0.05137500000000006	0.061691669980064034	112742	999	11	84787200
print(x)	0.22780800000000012	0.2855321930255741	112742	999	11	84787200
a <- head(x)	1.9199999999996997e-4	1.9307003822177649e-4	112742	999	11	84787200
b <- tail(x)	2.4000000000001798e-4	2.422219840809703e-4	112742	999	11	84787200
c <- sample_n(x, 100)	0.0015859999999998653	0.0015893620438873768	112742	999	11	84787200
"d <- filter(x, payment_type == ""UNK"")"	8.399999999999519e-4	8.418570505455136e-4	112742	999	11	84787200
e <- group_by(x, payment_type) %>% summarise(avg_tip = mean(tip_amount))	0.004160999999999859	0.004164226935245097	112742	999	11	84787200
