exprs	process	real	size	rows	cols	max_memory
({ library(readr) library(dplyr) })	0.342937089	0.345583438873291	1641999923	14388451	11	7392538624
"x <- read_csv(file, col_types = c(pickup_datetime = ""c""), quote = """", trim_ws..."	32.569460465	32.57044315338135	1641999923	14388451	11	7392538624
print(x)	0.08009323800000345	0.08010721206665039	1641999923	14388451	11	7392538624
a <- head(x)	2.2979099999531627e-4	2.3055076599121094e-4	1641999923	14388451	11	7392538624
b <- tail(x)	4.54963999999336e-4	4.5609474182128906e-4	1641999923	14388451	11	7392538624
c <- sample_n(x, 100)	0.008880214999997804	0.008881807327270508	1641999923	14388451	11	7392538624
"d <- filter(x, payment_type == ""UNK"")"	0.2312877710000052	0.23128986358642578	1641999923	14388451	11	7392538624
e <- group_by(x, payment_type) %>% summarise(avg_tip = mean(tip_amount))	0.5106461499999995	0.510674238204956	1641999923	14388451	11	7392538624
