exprs	process	real	size	rows	cols	max_memory
({ library(readr) library(dplyr) })	0.560778	0.6103475710842758	112742	999	11	85024768
"x <- read_csv(file, col_types = c(pickup_datetime = ""c""), quote = """", trim_ws..."	0.049866999999999995	0.05858189798891544	112742	999	11	85024768
print(x)	0.22054400000000007	0.28516967699397355	112742	999	11	85024768
a <- head(x)	2.1300000000001873e-4	2.1500710863620043e-4	112742	999	11	85024768
b <- tail(x)	2.64000000000042e-4	2.650480018928647e-4	112742	999	11	85024768
c <- sample_n(x, 100)	0.0019419999999998883	0.004255593055859208	112742	999	11	85024768
"d <- filter(x, payment_type == ""UNK"")"	8.209999999999607e-4	8.225520141422749e-4	112742	999	11	85024768
e <- group_by(x, payment_type) %>% summarise(avg_tip = mean(tip_amount))	0.004747000000000057	0.005410884041339159	112742	999	11	85024768
