exprs	process	real	size	rows	cols	max_memory
({ library(readr) library(dplyr) })	0.286921419	0.28939270973205566	1593879803	13971118	11	6248390656
"x <- read_csv(file, col_types = c(pickup_datetime = ""c""), quote = """", trim_ws..."	29.023611125	29.02394127845764	1593879803	13971118	11	6248390656
print(x)	0.08475659499999821	0.08475828170776367	1593879803	13971118	11	6248390656
a <- head(x)	1.448299999999847e-4	1.4591217041015625e-4	1593879803	13971118	11	6248390656
b <- tail(x)	1.6163500000132558e-4	1.6236305236816406e-4	1593879803	13971118	11	6248390656
c <- sample_n(x, 100)	0.0029035319999977105	0.002905130386352539	1593879803	13971118	11	6248390656
"d <- filter(x, payment_type == ""UNK"")"	0.19015554499999965	0.19016790390014648	1593879803	13971118	11	6248390656
e <- group_by(x, payment_type) %>% summarise(avg_tip = mean(tip_amount))	0.7323114349999997	0.7323141098022461	1593879803	13971118	11	6248390656
