exprs	process	real	size	rows	cols	max_memory
library(vroom)	0.233707	0.23376321099931374	1666833417	14776615	11	6815055872
"x <- vroom(file, col_types = c(pickup_datetime = ""c""), trim_ws = FALSE, quote..."	17.640452000000003	1.3566655699978583	1666833417	14776615	11	6815055872
print(x)	0.1533760000000015	0.15729006798937917	1666833417	14776615	11	6815055872
a <- head(x)	0.0020479999999984955	0.0020507239969447255	1666833417	14776615	11	6815055872
b <- tail(x)	4.980000000003315e-4	5.036990041844547e-4	1666833417	14776615	11	6815055872
c <- x[sample(NROW(x), 100), ]	2.119999999976585e-4	2.1384801948443055e-4	1666833417	14776615	11	6815055872
"d <- x[x$payment_type == ""UNK"", ]"	1.1206159999999983	1.1206832609605044	1666833417	14776615	11	6815055872
e <- tapply(x$tip_amount, x$payment_type, mean)	8.975451	7.352519184001721	1666833417	14776615	11	6815055872
