exprs	process	real	size	rows	cols
({ library(vroom) library(dplyr) })	0.22430446999999987	0.22430753707885742	1681610033	14776615	11
"x <- vroom(file, col_types = c(pickup_datetime = ""c""), trim_ws = FALSE, quote..."	3.291549855	4.509379625320435	1681610033	14776615	11
print(x)	0.17916689900000016	0.17817163467407227	1681610033	14776615	11
a <- head(x)	1.4035299999992645e-4	1.41143798828125e-4	1681610033	14776615	11
b <- tail(x)	1.5228399999944742e-4	1.533031463623047e-4	1681610033	14776615	11
c <- sample_n(x, 100)	8.423212976	1.134162187576294	1681610033	14776615	11
"d <- filter(x, payment_type == ""UNK"")"	1.3311706969999992	1.3311834335327148	1681610033	14776615	11
e <- group_by(x, payment_type) %>% summarise(avg_tip = mean(tip_amount))	2.2318328360000024	2.2318639755249023	1681610033	14776615	11
