exprs	process	real	size	rows	cols	max_memory
library(vroom)	0.24216399999999993	0.2595853840466589	112742	999	11	78499840
"x <- vroom(file, col_types = c(pickup_datetime = ""c""), trim_ws = FALSE, quote..."	0.14525100000000002	0.15857914392836392	112742	999	11	78499840
print(x)	0.23411099999999996	0.27536589198280126	112742	999	11	78499840
a <- head(x)	2.6999999999999247e-4	2.728000981733203e-4	112742	999	11	78499840
b <- tail(x)	2.8600000000000847e-4	2.8799206484109163e-4	112742	999	11	78499840
c <- x[sample(NROW(x), 100), ]	4.6000000000001595e-4	4.6238501090556383e-4	112742	999	11	78499840
"d <- x[x$payment_type == ""UNK"", ]"	0.0010730000000001017	0.001075133914127946	112742	999	11	78499840
e <- tapply(x$tip_amount, x$payment_type, mean)	0.006635999999999975	0.006164047052152455	112742	999	11	78499840
