exprs	process	real	size	rows	cols	max_memory
({ library(vroom) library(dplyr) })	0.451558	0.48358791996724904	112742	999	11	80117760
"x <- vroom(file, col_types = c(pickup_datetime = ""c""), trim_ws = FALSE, quote..."	0.06687700000000008	0.08626824792008847	112742	999	11	80117760
print(x)	0.24108400000000008	0.294880770961754	112742	999	11	80117760
a <- head(x)	2.7200000000005e-4	2.7301395311951637e-4	112742	999	11	80117760
b <- tail(x)	3.0200000000002447e-4	3.0502991285175085e-4	112742	999	11	80117760
c <- sample_n(x, 100)	0.008861999999999925	0.010673611075617373	112742	999	11	80117760
"d <- filter(x, payment_type == ""UNK"")"	0.0016739999999999533	0.005429490003734827	112742	999	11	80117760
e <- group_by(x, payment_type) %>% summarise(avg_tip = mean(tip_amount))	0.005360999999999949	0.0054183449828997254	112742	999	11	80117760
