exprs	process	real	size	rows	cols	max_memory
({ library(vroom) library(dplyr) })	0.3336591870000003	0.3336632251739502	1641999923	14388451	11	7028977664
"x <- vroom(file, col_types = c(pickup_datetime = ""c""), trim_ws = FALSE, quote..."	51.46512171	18.78533411026001	1641999923	14388451	11	7028977664
print(x)	0.10256841599999689	0.11769986152648926	1641999923	14388451	11	7028977664
a <- head(x)	0.0010778250000029743	0.0010793209075927734	1641999923	14388451	11	7028977664
b <- tail(x)	4.863149999962957e-4	4.875659942626953e-4	1641999923	14388451	11	7028977664
c <- sample_n(x, 100)	0.013464915999996663	0.013466596603393555	1641999923	14388451	11	7028977664
"d <- filter(x, payment_type == ""UNK"")"	0.9904622729999986	0.9904868602752686	1641999923	14388451	11	7028977664
e <- group_by(x, payment_type) %>% summarise(avg_tip = mean(tip_amount))	1.2476313889999986	1.247652292251587	1641999923	14388451	11	7028977664
