exprs	process	real	size	rows	cols	max_memory
library(vroom)	0.24923000000000006	0.2671092279488221	112742	999	11	78577664
"x <- vroom(file, col_types = c(pickup_datetime = ""c""), trim_ws = FALSE, quote..."	0.14494399999999996	0.15988251694943756	112742	999	11	78577664
print(x)	0.23793699999999995	0.27113200002349913	112742	999	11	78577664
a <- head(x)	2.84000000000062e-4	2.8646306600421667e-4	112742	999	11	78577664
b <- tail(x)	3.1199999999997896e-4	3.144679358229041e-4	112742	999	11	78577664
c <- x[sample(NROW(x), 100), ]	4.689999999999417e-4	4.714189562946558e-4	112742	999	11	78577664
"d <- x[x$payment_type == ""UNK"", ]"	0.0010710000000000441	0.0010727100307121873	112742	999	11	78577664
e <- tapply(x$tip_amount, x$payment_type, mean)	0.006504999999999983	0.007185971946455538	112742	999	11	78577664
