exprs	process	real	size	rows	cols	max_memory
({ library(vroom) library(dplyr) })	0.2755815840000002	0.27821826934814453	1641999923	14388451	11	7013892096
"x <- vroom(file, col_types = c(pickup_datetime = ""c""), trim_ws = FALSE, quote..."	36.56323885	16.339832305908203	1641999923	14388451	11	7013892096
print(x)	0.08061474600000196	0.08061623573303223	1641999923	14388451	11	7013892096
a <- head(x)	1.9977000000181988e-4	0.00020074844360351562	1641999923	14388451	11	7013892096
b <- tail(x)	4.0585400000026084e-4	4.069805145263672e-4	1641999923	14388451	11	7013892096
c <- sample_n(x, 100)	0.008221966999997221	0.008223533630371094	1641999923	14388451	11	7013892096
"d <- filter(x, payment_type == ""UNK"")"	0.9306536109999968	0.9306735992431641	1641999923	14388451	11	7013892096
e <- group_by(x, payment_type) %>% summarise(avg_tip = mean(tip_amount))	1.214994947000001	1.2150063514709473	1641999923	14388451	11	7013892096
