exprs	process	real	size	rows	cols
({ library(vroom) library(dplyr) })	0.2270933810000002	0.2270965576171875	1681610033	14776615	11
"x <- vroom(file, col_types = c(pickup_datetime = ""c""), trim_ws = FALSE, quote..."	38.183686715	16.98464822769165	1681610033	14776615	11
print(x)	0.10345585799999668	0.10345792770385742	1681610033	14776615	11
a <- head(x)	1.2644499999936443e-4	1.2755393981933594e-4	1681610033	14776615	11
b <- tail(x)	1.3943699999430237e-4	1.404285430908203e-4	1681610033	14776615	11
c <- sample_n(x, 100)	0.0012664750000013214	0.0012679100036621094	1681610033	14776615	11
"d <- filter(x, payment_type == ""UNK"")"	0.8930271910000016	0.893040657043457	1681610033	14776615	11
e <- group_by(x, payment_type) %>% summarise(avg_tip = mean(tip_amount))	0.7629318760000032	0.762963056564331	1681610033	14776615	11
