exprs	process	real	size	rows	cols	max_memory
({ library(vroom) library(dplyr) })	0.463653	0.5163243500282988	112742	999	11	80101376
"x <- vroom(file, col_types = c(pickup_datetime = ""c""), trim_ws = FALSE, quote..."	0.07289100000000004	0.08159276400692761	112742	999	11	80101376
print(x)	0.2311319999999999	0.2761746449396014	112742	999	11	80101376
a <- head(x)	1.4399999999992197e-4	1.4533603098243475e-4	112742	999	11	80101376
b <- tail(x)	1.8099999999998673e-4	1.8237705808132887e-4	112742	999	11	80101376
c <- sample_n(x, 100)	0.0015810000000000546	0.0015827860916033387	112742	999	11	80101376
"d <- filter(x, payment_type == ""UNK"")"	7.659999999998224e-4	7.688240148127079e-4	112742	999	11	80101376
e <- group_by(x, payment_type) %>% summarise(avg_tip = mean(tip_amount))	0.004259000000000013	0.00427639891859144	112742	999	11	80101376
