exprs	process	real	size	rows	cols	max_memory
library(vroom)	0.161182014	0.16363167762756348	1593879803	13971118	11	7837966336
"x <- vroom(file, col_types = c(pickup_datetime = ""c""), trim_ws = FALSE, quote..."	14.341617771	1.1560280323028564	1593879803	13971118	11	7837966336
print(x)	0.1818958989999988	0.18107247352600098	1593879803	13971118	11	7837966336
a <- head(x)	1.368729999988716e-4	1.380443572998047e-4	1593879803	13971118	11	7837966336
b <- tail(x)	1.7107400000071493e-4	0.00017213821411132812	1593879803	13971118	11	7837966336
c <- x[sample(NROW(x), 100), ]	1.8768300000004956e-4	1.888275146484375e-4	1593879803	13971118	11	7837966336
"d <- x[x$payment_type == ""UNK"", ]"	1.2750982489999991	1.275115728378296	1593879803	13971118	11	7837966336
e <- tapply(x$tip_amount, x$payment_type, mean)	9.345447025999999	8.222599267959595	1593879803	13971118	11	7837966336
