exprs	process	real	size	rows	cols	max_memory
({ library(vroom) library(dplyr) })	0.46537399999999995	0.46551169001031667	1666833417	14776615	11	6882447360
"x <- vroom(file, col_types = c(pickup_datetime = ""c""), trim_ws = FALSE, quote..."	17.273512	1.3470539109548554	1666833417	14776615	11	6882447360
print(x)	0.07927099999999854	0.0829686300130561	1666833417	14776615	11	6882447360
a <- head(x)	0.001528000000000418	0.0015307170106098056	1666833417	14776615	11	6882447360
b <- tail(x)	3.469999999978768e-4	3.476700512692332e-4	1666833417	14776615	11	6882447360
c <- sample_n(x, 100)	0.012481000000001075	0.012482446967624128	1666833417	14776615	11	6882447360
"d <- filter(x, payment_type == ""UNK"")"	14.334667000000003	14.341893224045634	1666833417	14776615	11	6882447360
e <- group_by(x, payment_type) %>% summarise(avg_tip = mean(tip_amount))	51.086286	51.15813858399633	1666833417	14776615	11	6882447360
