exprs	process	real	size	rows	cols	max_memory
({ library(vroom) library(dplyr) })	0.47496700000000003	0.5751468089874834	112742	999	11	79798272
"x <- vroom(file, col_types = c(pickup_datetime = ""c""), trim_ws = FALSE, quote..."	0.07413599999999998	0.09259244299028069	112742	999	11	79798272
print(x)	0.22972000000000004	0.25541917607188225	112742	999	11	79798272
a <- head(x)	1.6299999999991321e-4	1.7608399502933025e-4	112742	999	11	79798272
b <- tail(x)	2.04000000000093e-4	2.0607805345207453e-4	112742	999	11	79798272
c <- sample_n(x, 100)	0.0016320000000000778	0.0016333400271832943	112742	999	11	79798272
"d <- filter(x, payment_type == ""UNK"")"	7.980000000000764e-4	8.005480049178004e-4	112742	999	11	79798272
e <- group_by(x, payment_type) %>% summarise(avg_tip = mean(tip_amount))	0.004404999999999992	0.004435976035892963	112742	999	11	79798272
