exprs	process	real	size	rows	cols	max_memory
({ library(vroom) library(dplyr) })	0.443401	0.4445208079996519	1666833417	14776615	11	6881202176
"x <- vroom(file, col_types = c(pickup_datetime = ""c""), trim_ws = FALSE, quote..."	16.979603	1.2900599709828384	1666833417	14776615	11	6881202176
print(x)	0.07167099999999849	0.07509800099069253	1666833417	14776615	11	6881202176
a <- head(x)	0.0017300000000020077	0.00173125701257959	1666833417	14776615	11	6881202176
b <- tail(x)	3.6899999999917554e-4	3.7027703365311027e-4	1666833417	14776615	11	6881202176
c <- sample_n(x, 100)	0.010666000000000508	0.010672853037249297	1666833417	14776615	11	6881202176
"d <- filter(x, payment_type == ""UNK"")"	1.3317319999999988	1.3320457949885167	1666833417	14776615	11	6881202176
e <- group_by(x, payment_type) %>% summarise(avg_tip = mean(tip_amount))	3.956316000000001	3.9592064779717475	1666833417	14776615	11	6881202176
