exprs	process	real	size	rows	cols	max_memory
({ library(vroom) library(dplyr) })	0.24617519799999998	0.24885225296020508	1593879803	13971118	11	6636613632
"x <- vroom(file, col_types = c(pickup_datetime = ""c""), trim_ws = FALSE, quote..."	35.637721767	15.60365343093872	1593879803	13971118	11	6636613632
print(x)	0.09782101300000079	0.09782290458679199	1593879803	13971118	11	6636613632
a <- head(x)	1.2472699999932502e-4	1.2564659118652344e-4	1593879803	13971118	11	6636613632
b <- tail(x)	1.3226200000104882e-4	0.00013303756713867188	1593879803	13971118	11	6636613632
c <- sample_n(x, 100)	0.0012759829999993144	0.0012774467468261719	1593879803	13971118	11	6636613632
"d <- filter(x, payment_type == ""UNK"")"	0.839181950000004	0.8392288684844971	1593879803	13971118	11	6636613632
e <- group_by(x, payment_type) %>% summarise(avg_tip = mean(tip_amount))	0.8375835490000014	0.8375957012176514	1593879803	13971118	11	6636613632
