exprs	process	real	size	rows	cols	max_memory
({ library(vroom) library(dplyr) })	0.301629645	0.3016328811645508	1641999923	14388451	11	7029014528
"x <- vroom(file, col_types = c(pickup_datetime = ""c""), trim_ws = FALSE, quote..."	47.375392178000006	18.417577743530273	1641999923	14388451	11	7029014528
print(x)	0.1009485880000014	0.11608505249023438	1641999923	14388451	11	7029014528
a <- head(x)	0.001024977000000149	0.0010266304016113281	1641999923	14388451	11	7029014528
b <- tail(x)	4.7993700000148465e-4	4.813671112060547e-4	1641999923	14388451	11	7029014528
c <- sample_n(x, 100)	0.013319092999999782	0.0133209228515625	1641999923	14388451	11	7029014528
"d <- filter(x, payment_type == ""UNK"")"	0.960716675999997	0.9607300758361816	1641999923	14388451	11	7029014528
e <- group_by(x, payment_type) %>% summarise(avg_tip = mean(tip_amount))	1.2211422310000017	1.2211759090423584	1641999923	14388451	11	7029014528
