exprs	process	real	size	rows	cols	max_memory
library(vroom)	0.25349930200000004	0.25350284576416016	1641999923	14388451	11	8715149312
"x <- vroom(file, col_types = c(pickup_datetime = ""c""), trim_ws = FALSE, quote..."	21.813661042	1.7634167671203613	1641999923	14388451	11	8715149312
print(x)	0.19288126600000055	0.22289800643920898	1641999923	14388451	11	8715149312
a <- head(x)	9.648559999995143e-4	9.663105010986328e-4	1641999923	14388451	11	8715149312
b <- tail(x)	4.0214399999882744e-4	4.036426544189453e-4	1641999923	14388451	11	8715149312
c <- x[sample(NROW(x), 100), ]	1.9803200000012566e-4	1.990795135498047e-4	1641999923	14388451	11	8715149312
"d <- x[x$payment_type == ""UNK"", ]"	4.527962128000002	4.52804708480835	1641999923	14388451	11	8715149312
e <- tapply(x$tip_amount, x$payment_type, mean)	30.612908016000002	29.104299306869507	1641999923	14388451	11	8715149312
