exprs	process	real	size	rows	cols	max_memory
library(vroom)	0.11831405900000003	0.12088131904602051	1641999923	14388451	11	8703500288
"x <- vroom(file, col_types = c(pickup_datetime = ""c""), trim_ws = FALSE, quote..."	11.612663965000001	1.1079299449920654	1641999923	14388451	11	8703500288
print(x)	0.07670270599999895	0.0760645866394043	1641999923	14388451	11	8703500288
a <- head(x)	2.0424099999871714e-4	2.052783966064453e-4	1641999923	14388451	11	8703500288
b <- tail(x)	3.638129999998796e-4	3.650188446044922e-4	1641999923	14388451	11	8703500288
c <- x[sample(NROW(x), 100), ]	2.038590000008611e-4	2.048015594482422e-4	1641999923	14388451	11	8703500288
"d <- x[x$payment_type == ""UNK"", ]"	1.1444470770000006	1.1444759368896484	1641999923	14388451	11	8703500288
e <- tapply(x$tip_amount, x$payment_type, mean)	9.843870116	8.461400747299194	1641999923	14388451	11	8703500288
