exprs	process	real	size	rows	cols	max_memory
({ library(vroom) library(dplyr) })	0.26928611	0.27179598808288574	1593879803	13971118	11	6113599488
"x <- vroom(file, col_types = c(pickup_datetime = ""c""), trim_ws = FALSE, quote..."	34.460177908	15.710860967636108	1593879803	13971118	11	6113599488
print(x)	0.11727104299999525	0.11727285385131836	1593879803	13971118	11	6113599488
a <- head(x)	1.2409600000040655e-4	1.251697540283203e-4	1593879803	13971118	11	6113599488
b <- tail(x)	1.5723400000666743e-4	1.5807151794433594e-4	1593879803	13971118	11	6113599488
c <- sample_n(x, 100)	0.002855295999999896	0.002856731414794922	1593879803	13971118	11	6113599488
"d <- filter(x, payment_type == ""UNK"")"	0.8558771060000012	0.8559033870697021	1593879803	13971118	11	6113599488
e <- group_by(x, payment_type) %>% summarise(avg_tip = mean(tip_amount))	0.7554893120000017	0.7554922103881836	1593879803	13971118	11	6113599488
