exprs	process	real	size	rows	cols
library(vroom)	0.12206964200000003	0.12208080291748047	1681610033	14776615	11
"x <- vroom(file, col_types = c(pickup_datetime = ""c""), trim_ws = FALSE, quote..."	14.591424977	1.1618263721466064	1681610033	14776615	11
print(x)	0.13060895799999983	0.12977099418640137	1681610033	14776615	11
a <- head(x)	1.2601800000311414e-4	1.270771026611328e-4	1681610033	14776615	11
b <- tail(x)	1.3598600000008787e-4	0.00013685226440429688	1681610033	14776615	11
c <- x[sample(NROW(x), 100), ]	1.552889999985041e-4	1.5616416931152344e-4	1681610033	14776615	11
"d <- x[x$payment_type == ""UNK"", ]"	1.382535579999999	1.3825457096099854	1681610033	14776615	11
e <- tapply(x$tip_amount, x$payment_type, mean)	9.725563873000002	8.590283632278442	1681610033	14776615	11
