exprs	process	real	size	rows	cols	max_memory
({ library(vroom) library(dplyr) })	0.3383675789999998	0.33837127685546875	1641999923	14388451	11	8746291200
"x <- vroom(file, col_types = c(pickup_datetime = ""c""), trim_ws = FALSE, quote..."	21.546515276	1.6991186141967773	1641999923	14388451	11	8746291200
print(x)	0.21072618299999846	0.24135351181030273	1641999923	14388451	11	8746291200
a <- head(x)	9.693400000010399e-4	0.00097179412841796875	1641999923	14388451	11	8746291200
b <- tail(x)	4.6158600000012484e-4	4.630088806152344e-4	1641999923	14388451	11	8746291200
c <- sample_n(x, 100)	0.012372876000000588	0.012374401092529297	1641999923	14388451	11	8746291200
"d <- filter(x, payment_type == ""UNK"")"	1.7027860080000004	1.702805519104004	1641999923	14388451	11	8746291200
e <- group_by(x, payment_type) %>% summarise(avg_tip = mean(tip_amount))	5.055054984000002	5.055169582366943	1641999923	14388451	11	8746291200
