exprs	process	real	size	rows	cols	max_memory
({ library(vroom) library(dplyr) })	0.2642076150000001	0.26676225662231445	1641999923	14388451	11	9122234368
"x <- vroom(file, col_types = c(pickup_datetime = ""c""), trim_ws = FALSE, quote..."	14.686040596000002	1.1807234287261963	1641999923	14388451	11	9122234368
print(x)	0.18233330300000006	0.18152928352355957	1641999923	14388451	11	9122234368
a <- head(x)	1.3176299999884122e-4	1.327991485595703e-4	1641999923	14388451	11	9122234368
b <- tail(x)	1.4167200000159141e-4	1.4281272888183594e-4	1641999923	14388451	11	9122234368
c <- sample_n(x, 100)	9.103318181999999	1.2421786785125732	1641999923	14388451	11	9122234368
"d <- filter(x, payment_type == ""UNK"")"	1.5353942489999994	1.535405158996582	1641999923	14388451	11	9122234368
e <- group_by(x, payment_type) %>% summarise(avg_tip = mean(tip_amount))	2.3132445220000015	2.313292980194092	1641999923	14388451	11	9122234368
