exprs	process	real	size	rows	cols	max_memory
({ library(vroom) library(dplyr) })	0.454838	0.4903841019840911	112742	999	11	79912960
"x <- vroom(file, col_types = c(pickup_datetime = ""c""), trim_ws = FALSE, quote..."	0.06723400000000002	0.0916389039484784	112742	999	11	79912960
print(x)	0.2428220000000001	0.30257496202830225	112742	999	11	79912960
a <- head(x)	2.8199999999989345e-4	2.836269559338689e-4	112742	999	11	79912960
b <- tail(x)	2.949999999999342e-4	2.9639899730682373e-4	112742	999	11	79912960
c <- sample_n(x, 100)	0.008267999999999942	0.007434541010297835	112742	999	11	79912960
"d <- filter(x, payment_type == ""UNK"")"	0.0015689999999999316	0.0021744780242443085	112742	999	11	79912960
e <- group_by(x, payment_type) %>% summarise(avg_tip = mean(tip_amount))	0.005201000000000011	0.007953826920129359	112742	999	11	79912960
