exprs	process	real	size	rows	cols	max_memory
({ library(vroom) library(dplyr) })	0.26851513699999996	0.27101778984069824	1593879803	13971118	11	8257548288
"x <- vroom(file, col_types = c(pickup_datetime = ""c""), trim_ws = FALSE, quote..."	13.934750953	1.099149227142334	1593879803	13971118	11	8257548288
print(x)	0.19203656499999866	0.19121694564819336	1593879803	13971118	11	8257548288
a <- head(x)	1.4962299999865536e-4	1.5044212341308594e-4	1593879803	13971118	11	8257548288
b <- tail(x)	1.9517399999990914e-4	1.9621849060058594e-4	1593879803	13971118	11	8257548288
c <- sample_n(x, 100)	8.086350861	1.129256010055542	1593879803	13971118	11	8257548288
"d <- filter(x, payment_type == ""UNK"")"	1.3337074519999987	1.3337280750274658	1593879803	13971118	11	8257548288
e <- group_by(x, payment_type) %>% summarise(avg_tip = mean(tip_amount))	2.1847557870000003	2.184781789779663	1593879803	13971118	11	8257548288
