exprs	process	real	size	rows	cols	max_memory
library(vroom)	0.220923	0.221094336011447	1666833417	14776615	11	6814752768
"x <- vroom(file, col_types = c(pickup_datetime = ""c""), trim_ws = FALSE, quote..."	19.550105000000002	1.3673932020319626	1666833417	14776615	11	6814752768
print(x)	0.1496239999999993	0.15464830910786986	1666833417	14776615	11	6814752768
a <- head(x)	0.0015469999999986328	0.0015478570712730289	1666833417	14776615	11	6814752768
b <- tail(x)	3.54999999998995e-4	3.576449817046523e-4	1666833417	14776615	11	6814752768
c <- x[sample(NROW(x), 100), ]	2.2099999999980469e-4	2.264039358124137e-4	1666833417	14776615	11	6814752768
"d <- x[x$payment_type == ""UNK"", ]"	13.748679	13.751641271053813	1666833417	14776615	11	6814752768
e <- tapply(x$tip_amount, x$payment_type, mean)	89.263843	87.80469667701982	1666833417	14776615	11	6814752768
