exprs	process	real	size	rows	cols	max_memory
({ library(vroom) library(dplyr) })	0.44949100000000003	0.44961147010326385	1666833417	14776615	11	5280653312
"x <- vroom(file, col_types = c(pickup_datetime = ""c""), trim_ws = FALSE, quote..."	40.976321000000006	15.195427765022032	1666833417	14776615	11	5280653312
print(x)	0.0857910000000004	0.09295961004681885	1666833417	14776615	11	5280653312
a <- head(x)	0.0016009999999937463	0.0016018850728869438	1666833417	14776615	11	5280653312
b <- tail(x)	3.9999999999906777e-4	4.020490450784564e-4	1666833417	14776615	11	5280653312
c <- sample_n(x, 100)	0.013670000000004734	0.013679740950465202	1666833417	14776615	11	5280653312
"d <- filter(x, payment_type == ""UNK"")"	0.8286000000000016	0.8287510640220717	1666833417	14776615	11	5280653312
e <- group_by(x, payment_type) %>% summarise(avg_tip = mean(tip_amount))	1.0485830000000007	1.0488192960619926	1666833417	14776615	11	5280653312
