exprs	process	real	size	rows	cols	max_memory
library(vroom)	0.14451385699999997	0.14710044860839844	1593879803	13971118	11	8370524160
"x <- vroom(file, col_types = c(pickup_datetime = ""c""), trim_ws = FALSE, quote..."	13.820296557999999	1.14186692237854	1593879803	13971118	11	8370524160
print(x)	0.1252234320000003	0.12441563606262207	1593879803	13971118	11	8370524160
a <- head(x)	1.1203400000070474e-4	0.00011301040649414062	1593879803	13971118	11	8370524160
b <- tail(x)	1.2927999999945428e-4	0.00013017654418945312	1593879803	13971118	11	8370524160
c <- x[sample(NROW(x), 100), ]	1.461159999998074e-4	1.4710426330566406e-4	1593879803	13971118	11	8370524160
"d <- x[x$payment_type == ""UNK"", ]"	1.3767490860000002	1.3767828941345215	1593879803	13971118	11	8370524160
e <- tapply(x$tip_amount, x$payment_type, mean)	9.910941871000002	8.698944091796875	1593879803	13971118	11	8370524160
