exprs	process	real	size	rows	cols	max_memory
({ library(vroom) library(dplyr) })	0.27647436700000005	0.27915334701538086	1641999923	14388451	11	8784080896
"x <- vroom(file, col_types = c(pickup_datetime = ""c""), trim_ws = FALSE, quote..."	13.928716904	1.0948519706726074	1641999923	14388451	11	8784080896
print(x)	0.08689774099999781	0.0862724781036377	1641999923	14388451	11	8784080896
a <- head(x)	1.9941200000062054e-4	2.002716064453125e-4	1641999923	14388451	11	8784080896
b <- tail(x)	4.06889000000632e-4	4.08172607421875e-4	1641999923	14388451	11	8784080896
c <- sample_n(x, 100)	0.007183852999997242	0.007185459136962891	1641999923	14388451	11	8784080896
"d <- filter(x, payment_type == ""UNK"")"	1.3863782590000007	1.3864006996154785	1641999923	14388451	11	8784080896
e <- group_by(x, payment_type) %>% summarise(avg_tip = mean(tip_amount))	4.114641011	4.114726781845093	1641999923	14388451	11	8784080896
