exprs	process	real	size	rows	cols	max_memory
library(data.table)	0.05824787900000006	0.05825209617614746	1600080624	100000	1000	13596225536
"x <- fread(file, sep = ""\t"", quote = """", strip.white = FALSE, na.strings = NULL)"	205.61311071900002	201.76576399803162	1600080624	100000	1000	13596225536
print(x)	0.13403993000000014	0.13405299186706543	1600080624	100000	1000	13596225536
a <- head(x)	0.001164771000020437	0.0011682510375976562	1600080624	100000	1000	13596225536
b <- tail(x)	0.0012540889999854699	0.0012569427490234375	1600080624	100000	1000	13596225536
c <- x[sample(NROW(x), 100), ]	0.03256328700001632	0.03256726264953613	1600080624	100000	1000	13596225536
"d <- x[X1 == ""helpless_sheep"", ]"	0.20218088300001114	0.16787242889404297	1600080624	100000	1000	13596225536
e <- x[, .(mean(nchar(X2))), by = X1]	0.048374496000008094	0.014370918273925781	1600080624	100000	1000	13596225536
