exprs	process	real	size	rows	cols
library(data.table)	0.05159255399999996	0.05159711837768555	1600080624	100000	1000
"x <- fread(file, sep = ""\t"", quote = """", strip.white = FALSE, na.strings = NULL)"	178.650481953	173.27179622650146	1600080624	100000	1000
print(x)	0.2371867669999972	0.1325995922088623	1600080624	100000	1000
a <- head(x)	9.22367999976359e-4	9.257793426513672e-4	1600080624	100000	1000
b <- tail(x)	0.010670348000019203	8.718967437744141e-4	1600080624	100000	1000
c <- x[sample(NROW(x), 100), ]	0.06420173000000773	0.0082073211669921875	1600080624	100000	1000
"d <- x[X1 == ""helpless_sheep"", ]"	0.20357308499998794	0.05592942237854004	1600080624	100000	1000
e <- x[, .(mean(nchar(X2))), by = X1]	0.1266546049999988	0.02445387840270996	1600080624	100000	1000
