exprs	process	real	size	rows	cols	max_memory
library(data.table)	0.054178518000000064	0.054181814193725586	1600080624	100000	1000	13570138112
"x <- fread(file, sep = ""\t"", quote = """", strip.white = FALSE, na.strings = NULL)"	178.18624491900002	174.33054280281067	1600080624	100000	1000	13570138112
print(x)	0.13804511499998284	0.1380479335784912	1600080624	100000	1000	13570138112
a <- head(x)	0.0010320220000039626	0.0010352134704589844	1600080624	100000	1000	13570138112
b <- tail(x)	0.0010279550000120707	0.00102996826171875	1600080624	100000	1000	13570138112
c <- x[sample(NROW(x), 100), ]	0.027206103000025905	0.027208805084228516	1600080624	100000	1000	13570138112
"d <- x[X1 == ""helpless_sheep"", ]"	0.19685805200001028	0.16104722023010254	1600080624	100000	1000	13570138112
e <- x[, .(mean(nchar(X2))), by = X1]	0.04864291999999182	0.013504266738891602	1600080624	100000	1000	13570138112
