exprs	process	real	size	rows	cols	max_memory
library(data.table)	0.05471281399999994	0.054724693298339844	1600080624	100000	1000	13534089216
"x <- fread(file, sep = ""\t"", quote = """", strip.white = FALSE, na.strings = NULL)"	174.173310602	168.84376287460327	1600080624	100000	1000	13534089216
print(x)	0.1584895729999971	0.1584920883178711	1600080624	100000	1000	13534089216
a <- head(x)	8.739560000208257e-4	8.761882781982422e-4	1600080624	100000	1000	13534089216
b <- tail(x)	8.630739999944126e-4	0.00086498260498046875	1600080624	100000	1000	13534089216
c <- x[sample(NROW(x), 100), ]	0.028088532999987592	0.028090476989746094	1600080624	100000	1000	13534089216
"d <- x[X1 == ""helpless_sheep"", ]"	0.2602695420000032	0.15830421447753906	1600080624	100000	1000	13534089216
e <- x[, .(mean(nchar(X2))), by = X1]	0.12710200099999724	0.025369644165039062	1600080624	100000	1000	13534089216
