exprs	process	real	size	rows	cols	max_memory
library(data.table)	0.04733720500000002	0.06271076202392578	1600080624	100000	1000	13011861504
"x <- fread(file, sep = ""\t"", quote = """", strip.white = FALSE, na.strings = NULL)"	160.823062088	155.59919905662537	1600080624	100000	1000	13011861504
print(x)	0.2521410300000184	0.14780616760253906	1600080624	100000	1000	13011861504
a <- head(x)	5.863549999958195e-4	5.886554718017578e-4	1600080624	100000	1000	13011861504
b <- tail(x)	6.777779999822542e-4	6.797313690185547e-4	1600080624	100000	1000	13011861504
c <- x[sample(NROW(x), 100), ]	0.0638540649999868	0.007857561111450195	1600080624	100000	1000	13011861504
"d <- x[X1 == ""helpless_sheep"", ]"	0.19723138599999857	0.0543522834777832	1600080624	100000	1000	13011861504
e <- x[, .(mean(nchar(X2))), by = X1]	0.12653624199998603	0.024547100067138672	1600080624	100000	1000	13011861504
