exprs	process	real	size	rows	cols	max_memory
library(data.table)	0.10301700000000003	0.12030255305580795	1595025	1000	100	114860032
"x <- fread(file, sep = ""\t"", quote = """", strip.white = FALSE, na.strings = NULL)"	0.043686	0.05192609701771289	1595025	1000	100	114860032
print(x)	0.047617999999999994	0.06326730002183467	1595025	1000	100	114860032
a <- head(x)	7.030000000000092e-4	0.002669782959856093	1595025	1000	100	114860032
b <- tail(x)	5.479999999999929e-4	9.177440078929067e-4	1595025	1000	100	114860032
c <- x[sample(NROW(x), 100), ]	0.001751000000000058	0.002375693991780281	1595025	1000	100	114860032
"d <- x[X1 == ""helpless_sheep"", ]"	0.01156899999999994	0.03132436005398631	1595025	1000	100	114860032
e <- x[, .(mean(nchar(X2))), by = X1]	0.0021769999999999845	0.008875994011759758	1595025	1000	100	114860032
