exprs	process	real	size	rows	cols	max_memory
library(data.table)	0.05103875300000005	0.05104255676269531	1600080624	100000	1000	13555998720
"x <- fread(file, sep = ""\t"", quote = """", strip.white = FALSE, na.strings = NULL)"	164.652869752	159.32364106178284	1600080624	100000	1000	13555998720
print(x)	0.2534807199999989	0.14900445938110352	1600080624	100000	1000	13555998720
a <- head(x)	6.04516999999305e-4	6.070137023925781e-4	1600080624	100000	1000	13555998720
b <- tail(x)	0.007535193999984813	6.883144378662109e-4	1600080624	100000	1000	13555998720
c <- x[sample(NROW(x), 100), ]	0.06417350700002089	0.008176088333129883	1600080624	100000	1000	13555998720
"d <- x[X1 == ""helpless_sheep"", ]"	0.201603246000019	0.055184364318847656	1600080624	100000	1000	13555998720
e <- x[, .(mean(nchar(X2))), by = X1]	0.12574928999998747	0.02383589744567871	1600080624	100000	1000	13555998720
