exprs	process	real	size	rows	cols	max_memory
({ library(readr) library(dplyr) })	0.573426	0.6635791100561619	1595025	1000	100	125161472
"x <- read_tsv(file, trim_ws = FALSE, quote = """", na = character())"	0.13211000000000006	0.1564780439948663	1595025	1000	100	125161472
print(x)	0.354541	0.4117842729901895	1595025	1000	100	125161472
a <- head(x)	5.260000000000264e-4	5.26773976162076e-4	1595025	1000	100	125161472
b <- tail(x)	5.779999999999674e-4	5.796479526907206e-4	1595025	1000	100	125161472
c <- sample_n(x, 100)	0.0029200000000000337	0.0029535030480474234	1595025	1000	100	125161472
"d <- filter(x, X1 == ""helpless_sheep"")"	0.007187999999999972	0.008533157058991492	1595025	1000	100	125161472
e <- group_by(x, X1) %>% summarise(avg_nchar = mean(nchar(X2)))	0.006104000000000109	0.007544038002379239	1595025	1000	100	125161472
