exprs	process	real	size	rows	cols	max_memory
({ library(readr) library(dplyr) })	0.2829788339999999	0.2855188846588135	1600080624	100000	1000	13113110528
"x <- read_tsv(file, trim_ws = FALSE, quote = """", na = character())"	346.84759243800005	346.84912514686584	1600080624	100000	1000	13113110528
print(x)	0.1269780719999858	0.12697958946228027	1600080624	100000	1000	13113110528
a <- head(x)	0.002496238999981415	0.0024976730346679688	1600080624	100000	1000	13113110528
b <- tail(x)	0.002665727000021434	0.0026674270629882812	1600080624	100000	1000	13113110528
c <- sample_n(x, 100)	0.00900778900000887	0.009009599685668945	1600080624	100000	1000	13113110528
"d <- filter(x, X1 == ""helpless_sheep"")"	0.07861952700000074	0.07862162590026855	1600080624	100000	1000	13113110528
e <- group_by(x, X1) %>% summarise(avg_nchar = mean(nchar(X2)))	0.05224067599999671	0.05224275588989258	1600080624	100000	1000	13113110528
