exprs	process	real	size	rows	cols	max_memory
({ })	4.999999999977245e-6	6.163027137517929e-6	1595025	1000	100	89784320
"x <- read.delim(file, quote = """", na.strings = NULL, stringsAsFactors = FALSE)"	0.10409099999999999	0.10487784200813621	1595025	1000	100	89784320
print(head(x, 10))	0.04328600000000005	0.04401964705903083	1595025	1000	100	89784320
a <- head(x)	0.0012780000000000014	0.001279237912967801	1595025	1000	100	89784320
b <- tail(x)	0.0017920000000000158	0.0018108170479536057	1595025	1000	100	89784320
c <- x[sample(NROW(x), 100), ]	0.0024170000000000025	0.002420439966954291	1595025	1000	100	89784320
"d <- x[x$X1 == ""helpless_sheep"", ]"	0.00788899999999998	0.01084035902749747	1595025	1000	100	89784320
e <- tapply(x$X2, x$X1, function(x) mean(nchar(x)))	0.0012560000000000349	0.001257783966138959	1595025	1000	100	89784320
