exprs	process	real	size	rows	cols	max_memory
({ library(readr) library(dplyr) })	0.28422647500000003	0.30173611640930176	1600080624	100000	1000	12588937216
"x <- read_tsv(file, trim_ws = FALSE, quote = """", na = character())"	306.00319338199995	306.00908374786377	1600080624	100000	1000	12588937216
print(x)	0.13684301600000026	0.13684511184692383	1600080624	100000	1000	12588937216
a <- head(x)	0.0024159929999996166	0.002417325973510742	1600080624	100000	1000	12588937216
b <- tail(x)	0.0025463720000402645	0.0025475025177001953	1600080624	100000	1000	12588937216
c <- sample_n(x, 100)	0.010787506999974994	0.010789155960083008	1600080624	100000	1000	12588937216
"d <- filter(x, X1 == ""helpless_sheep"")"	0.06008299800004124	0.06008458137512207	1600080624	100000	1000	12588937216
e <- group_by(x, X1) %>% summarise(avg_nchar = mean(nchar(X2)))	0.055039932999989105	0.05504202842712402	1600080624	100000	1000	12588937216
