exprs	process	real	size	rows	cols	max_memory
({ })	3.234000000018611e-6	5.0067901611328125e-6	1600080624	100000	1000	14015328256
"x <- read.delim(file, quote = """", na.strings = NULL, stringsAsFactors = FALSE)"	513.492920684	513.4952404499054	1600080624	100000	1000	14015328256
print(head(x, 10))	0.15525802199999816	0.1552596092224121	1600080624	100000	1000	14015328256
a <- head(x)	0.005908481999995274	0.005910634994506836	1600080624	100000	1000	14015328256
b <- tail(x)	0.005846788999974706	0.0058481693267822266	1600080624	100000	1000	14015328256
c <- x[sample(NROW(x), 100), ]	0.011572941000054016	0.011574745178222656	1600080624	100000	1000	14015328256
"d <- x[x$X1 == ""helpless_sheep"", ]"	0.12943898200001058	0.1294410228729248	1600080624	100000	1000	14015328256
e <- tapply(x$X2, x$X1, function(x) mean(nchar(x)))	0.06376910100004807	0.06377148628234863	1600080624	100000	1000	14015328256
