exprs	process	real	size	rows	cols	max_memory
({ library(readr) library(dplyr) })	0.5792539999999999	0.6875457569258288	1595025	1000	100	125923328
"x <- read_tsv(file, trim_ws = FALSE, quote = """", na = character())"	0.14260000000000006	0.19718184601515532	1595025	1000	100	125923328
print(x)	0.3725990000000001	0.4270223620114848	1595025	1000	100	125923328
a <- head(x)	6.150000000000322e-4	6.168299587443471e-4	1595025	1000	100	125923328
b <- tail(x)	6.459999999999244e-4	6.472859531641006e-4	1595025	1000	100	125923328
c <- sample_n(x, 100)	0.0031280000000000197	0.0031301958952099085	1595025	1000	100	125923328
"d <- filter(x, X1 == ""helpless_sheep"")"	0.006917000000000062	0.006932570016942918	1595025	1000	100	125923328
e <- group_by(x, X1) %>% summarise(avg_nchar = mean(nchar(X2)))	0.006528000000000089	0.006530440994538367	1595025	1000	100	125923328
