exprs	process	real	size	rows	cols	max_memory
({ })	3.364000000116718e-6	5.4836273193359375e-6	1600080624	100000	1000	14024708096
"x <- read.delim(file, quote = """", na.strings = NULL, stringsAsFactors = FALSE)"	559.0758125790001	559.0864338874817	1600080624	100000	1000	14024708096
print(head(x, 10))	0.1682664190000196	0.16827821731567383	1600080624	100000	1000	14024708096
a <- head(x)	0.006661226000005627	0.00666356086730957	1600080624	100000	1000	14024708096
b <- tail(x)	0.006798709999998209	0.006800413131713867	1600080624	100000	1000	14024708096
c <- x[sample(NROW(x), 100), ]	0.024537582999982988	0.024539709091186523	1600080624	100000	1000	14024708096
"d <- x[x$X1 == ""helpless_sheep"", ]"	0.20977532700010215	0.2097775936126709	1600080624	100000	1000	14024708096
e <- tapply(x$X2, x$X1, function(x) mean(nchar(x)))	0.05456671100000676	0.05456948280334473	1600080624	100000	1000	14024708096
