exprs	process	real	size	rows	cols	max_memory
({ })	2.5300000000005873e-6	4.291534423828125e-6	1600080624	100000	1000	13492256768
"x <- read.delim(file, quote = """", na.strings = NULL, stringsAsFactors = FALSE)"	493.91469723899996	493.9169316291809	1600080624	100000	1000	13492256768
print(head(x, 10))	0.15485336699998697	0.15485453605651855	1600080624	100000	1000	13492256768
a <- head(x)	0.005697084000019004	0.005698680877685547	1600080624	100000	1000	13492256768
b <- tail(x)	0.005743100000017876	0.005744457244873047	1600080624	100000	1000	13492256768
c <- x[sample(NROW(x), 100), ]	0.01155389500002002	0.011555671691894531	1600080624	100000	1000	13492256768
"d <- x[x$X1 == ""helpless_sheep"", ]"	0.131293439999979	0.13129496574401855	1600080624	100000	1000	13492256768
e <- tapply(x$X2, x$X1, function(x) mean(nchar(x)))	0.06430856700001186	0.06431007385253906	1600080624	100000	1000	13492256768
