exprs	process	real	size	rows	cols
({ })	3.071999999937347e-6	5.0067901611328125e-6	1600080624	100000	1000
"x <- read.delim(file, quote = """", na.strings = NULL, stringsAsFactors = FALSE)"	535.420128683	535.4226183891296	1600080624	100000	1000
print(head(x, 10))	0.1421290539999518	0.14213061332702637	1600080624	100000	1000
a <- head(x)	0.005727763000095365	0.00572967529296875	1600080624	100000	1000
b <- tail(x)	0.005713401999969392	0.005715131759643555	1600080624	100000	1000
c <- x[sample(NROW(x), 100), ]	0.011480598999924041	0.011482715606689453	1600080624	100000	1000
"d <- x[x$X1 == ""helpless_sheep"", ]"	0.13121182599991243	0.13121390342712402	1600080624	100000	1000
e <- tapply(x$X2, x$X1, function(x) mean(nchar(x)))	0.06455206400005409	0.06455469131469727	1600080624	100000	1000
