exprs	process	real	size	rows	cols	max_memory
({ })	3.6660000000132698e-6	5.7220458984375e-6	1600080624	100000	1000	14050525184
"x <- read.delim(file, quote = """", na.strings = NULL, stringsAsFactors = FALSE)"	510.41117117600004	510.42269372940063	1600080624	100000	1000	14050525184
print(head(x, 10))	0.14892288600003667	0.1489250659942627	1600080624	100000	1000	14050525184
a <- head(x)	0.006831051000062871	0.006834268569946289	1600080624	100000	1000	14050525184
b <- tail(x)	0.007016168999939509	0.007021188735961914	1600080624	100000	1000	14050525184
c <- x[sample(NROW(x), 100), ]	0.025838453000005757	0.025842905044555664	1600080624	100000	1000	14050525184
"d <- x[x$X1 == ""helpless_sheep"", ]"	0.22350397200000316	0.2235558032989502	1600080624	100000	1000	14050525184
e <- tapply(x$X2, x$X1, function(x) mean(nchar(x)))	0.05853724200005672	0.05854058265686035	1600080624	100000	1000	14050525184
