exprs	process	real	size	rows	cols
({ library(readr) library(dplyr) })	0.28567709099999994	0.28837060928344727	1600080624	100000	1000
"x <- read_tsv(file, trim_ws = FALSE, quote = """", na = character())"	359.58044694	359.5821621417999	1600080624	100000	1000
print(x)	0.15042779599997402	0.1504383087158203	1600080624	100000	1000
a <- head(x)	0.0025484070000061365	0.002549886703491211	1600080624	100000	1000
b <- tail(x)	0.0026946340000222335	0.0026960372924804688	1600080624	100000	1000
c <- sample_n(x, 100)	0.009133152000003975	0.009134531021118164	1600080624	100000	1000
"d <- filter(x, X1 == ""helpless_sheep"")"	0.05938430200001221	0.05938601493835449	1600080624	100000	1000
e <- group_by(x, X1) %>% summarise(avg_nchar = mean(nchar(X2)))	0.05398199400002568	0.05398440361022949	1600080624	100000	1000
