exprs	process	real	size	rows	cols	max_memory
({ library(readr) library(dplyr) })	0.33448946199999985	0.33449411392211914	1600080624	100000	1000	13111070720
"x <- read_tsv(file, trim_ws = FALSE, quote = """", na = character())"	459.43154994500003	459.44729495048523	1600080624	100000	1000	13111070720
print(x)	0.13655689199998733	0.21697449684143066	1600080624	100000	1000	13111070720
a <- head(x)	0.0032427959999949962	0.0032444000244140625	1600080624	100000	1000	13111070720
b <- tail(x)	0.0025115230000096744	0.002513408660888672	1600080624	100000	1000	13111070720
c <- sample_n(x, 100)	0.02890705900000512	0.02890944480895996	1600080624	100000	1000	13111070720
"d <- filter(x, X1 == ""helpless_sheep"")"	0.037404203999983565	0.03740739822387695	1600080624	100000	1000	13111070720
e <- group_by(x, X1) %>% summarise(avg_nchar = mean(nchar(X2)))	0.056806200999972134	0.056809425354003906	1600080624	100000	1000	13111070720
