exprs	process	real	size	rows	cols	max_memory
({ })	6.0000000000060005e-6	7.375958375632763e-6	1595025	1000	100	87973888
"x <- read.delim(file, quote = """", na.strings = NULL, stringsAsFactors = FALSE)"	0.10863400000000001	0.11940736894030124	1595025	1000	100	87973888
print(head(x, 10))	0.043369999999999964	0.06406445999164134	1595025	1000	100	87973888
a <- head(x)	0.001507000000000036	0.0019052030984312296	1595025	1000	100	87973888
b <- tail(x)	0.0018399999999999528	0.00256684806663543	1595025	1000	100	87973888
c <- x[sample(NROW(x), 100), ]	0.002777999999999947	0.003636434907093644	1595025	1000	100	87973888
"d <- x[x$X1 == ""helpless_sheep"", ]"	0.008205000000000018	0.009542474988847971	1595025	1000	100	87973888
e <- tapply(x$X2, x$X1, function(x) mean(nchar(x)))	0.0013849999999999696	0.0013877800665795803	1595025	1000	100	87973888
