exprs	process	real	size	rows	cols	max_memory
({ library(readr) library(dplyr) })	0.34159426699999984	0.34415531158447266	1600080624	100000	1000	13124702208
"x <- read_tsv(file, trim_ws = FALSE, quote = """", na = character())"	360.147116018	360.1550889015198	1600080624	100000	1000	13124702208
print(x)	0.13467023800001243	0.13468623161315918	1600080624	100000	1000	13124702208
a <- head(x)	0.002036873999998079	0.0020384788513183594	1600080624	100000	1000	13124702208
b <- tail(x)	0.00225990600000614	0.0022614002227783203	1600080624	100000	1000	13124702208
c <- sample_n(x, 100)	0.033687440999983664	0.03368973731994629	1600080624	100000	1000	13124702208
"d <- filter(x, X1 == ""helpless_sheep"")"	0.044531102999997074	0.04453325271606445	1600080624	100000	1000	13124702208
e <- group_by(x, X1) %>% summarise(avg_nchar = mean(nchar(X2)))	0.07839206099998819	0.07839417457580566	1600080624	100000	1000	13124702208
