exprs	process	real	size	rows	cols	max_memory
library(vroom)	0.11679665800000016	0.11932134628295898	1600080624	100000	1000	7031201792
"x <- vroom(file, trim_ws = FALSE, quote = """", escape_double = FALSE, na = cha..."	9.73387013	1.062870979309082	1600080624	100000	1000	7031201792
print(x)	0.13145984600000027	0.13147211074829102	1600080624	100000	1000	7031201792
a <- head(x)	0.004143224999999973	0.0041446685791015625	1600080624	100000	1000	7031201792
b <- tail(x)	0.0042196739999997845	0.0042209625244140625	1600080624	100000	1000	7031201792
c <- x[sample(NROW(x), 100), ]	0.005082842999998505	0.005084037780761719	1600080624	100000	1000	7031201792
"d <- x[x$X1 == ""helpless_sheep"", ]"	0.04802782999999877	0.048029422760009766	1600080624	100000	1000	7031201792
e <- tapply(x$X2, x$X1, function(x) mean(nchar(x)))	0.2550450099999999	0.25505638122558594	1600080624	100000	1000	7031201792
