exprs	process	real	size	rows	cols	max_memory
({ library(vroom) library(dplyr) })	0.27768282899999996	0.280198335647583	1600080624	100000	1000	13024014336
"x <- vroom(file, trim_ws = FALSE, quote = """", escape_double = FALSE, na = cha..."	249.454457309	241.07234573364258	1600080624	100000	1000	13024014336
print(x)	0.13476853399998845	0.13477039337158203	1600080624	100000	1000	13024014336
a <- head(x)	0.0019349509999813108	0.001936197280883789	1600080624	100000	1000	13024014336
b <- tail(x)	0.0022484840000061013	0.0022499561309814453	1600080624	100000	1000	13024014336
c <- sample_n(x, 100)	0.032991596999977446	0.03299355506896973	1600080624	100000	1000	13024014336
"d <- filter(x, X1 == ""helpless_sheep"")"	0.04425554699997747	0.04425811767578125	1600080624	100000	1000	13024014336
e <- group_by(x, X1) %>% summarise(avg_nchar = mean(nchar(X2)))	0.06232667700001571	0.06235170364379883	1600080624	100000	1000	13024014336
