exprs	process	real	size	rows	cols
library(vroom)	0.125149132	0.1251521110534668	1600080624	100000	1000
"x <- vroom(file, trim_ws = FALSE, quote = """", escape_double = FALSE, na = cha..."	9.843230826000001	0.9782044887542725	1600080624	100000	1000
print(x)	0.21789006600000072	0.21789240837097168	1600080624	100000	1000
a <- head(x)	0.003894633999999897	0.003896951675415039	1600080624	100000	1000
b <- tail(x)	0.003906878999998753	0.003908872604370117	1600080624	100000	1000
c <- x[sample(NROW(x), 100), ]	0.004892858999999916	0.004894733428955078	1600080624	100000	1000
"d <- x[x$X1 == ""helpless_sheep"", ]"	0.13841129000000052	0.138413667678833	1600080624	100000	1000
e <- tapply(x$X2, x$X1, function(x) mean(nchar(x)))	0.22958618200000025	0.22958827018737793	1600080624	100000	1000
