exprs	process	real	size	rows	cols	max_memory
library(vroom)	0.241149	0.263199974084273	1595025	1000	100	84787200
"x <- vroom(file, trim_ws = FALSE, quote = """", escape_double = FALSE, na = cha..."	0.20463599999999993	0.25456446106545627	1595025	1000	100	84787200
print(x)	0.31576800000000005	0.3491510699968785	1595025	1000	100	84787200
a <- head(x)	0.0014009999999999856	0.0014038279186934233	1595025	1000	100	84787200
b <- tail(x)	0.0014170000000000016	0.0016737610567361116	1595025	1000	100	84787200
c <- x[sample(NROW(x), 100), ]	0.0027640000000002107	0.0027677000034600496	1595025	1000	100	84787200
"d <- x[x$X1 == ""helpless_sheep"", ]"	0.011997999999999953	0.017925006104633212	1595025	1000	100	84787200
e <- tapply(x$X2, x$X1, function(x) mean(nchar(x)))	0.011278999999999817	0.012462681042961776	1595025	1000	100	84787200
