exprs	process	real	size	rows	cols	max_memory
({ library(vroom) library(dplyr) })	0.255413208	0.25805187225341797	1600080624	100000	1000	12477546496
"x <- vroom(file, trim_ws = FALSE, quote = """", escape_double = FALSE, na = cha..."	233.667798314	225.0125114917755	1600080624	100000	1000	12477546496
print(x)	0.1719090849999816	0.17191076278686523	1600080624	100000	1000	12477546496
a <- head(x)	0.0027297080000039387	0.0027315616607666016	1600080624	100000	1000	12477546496
b <- tail(x)	0.0027473250000014104	0.002748727798461914	1600080624	100000	1000	12477546496
c <- sample_n(x, 100)	0.013079937000014752	0.013081550598144531	1600080624	100000	1000	12477546496
"d <- filter(x, X1 == ""helpless_sheep"")"	0.06526393499999017	0.06526541709899902	1600080624	100000	1000	12477546496
e <- group_by(x, X1) %>% summarise(avg_nchar = mean(nchar(X2)))	0.035788283999977466	0.035790205001831055	1600080624	100000	1000	12477546496
