exprs	process	real	size	rows	cols	max_memory
({ library(vroom) library(dplyr) })	0.2424177810000001	0.24503159523010254	1600080624	100000	1000	13004218368
"x <- vroom(file, trim_ws = FALSE, quote = """", escape_double = FALSE, na = cha..."	242.101977414	234.030198097229	1600080624	100000	1000	13004218368
print(x)	0.1562378239999873	0.15623950958251953	1600080624	100000	1000	13004218368
a <- head(x)	0.002761687999992546	0.0027632713317871094	1600080624	100000	1000	13004218368
b <- tail(x)	0.0028044909999778156	0.0028061866760253906	1600080624	100000	1000	13004218368
c <- sample_n(x, 100)	0.011462792999992644	0.011464595794677734	1600080624	100000	1000	13004218368
"d <- filter(x, X1 == ""helpless_sheep"")"	0.0633596460000092	0.06337189674377441	1600080624	100000	1000	13004218368
e <- group_by(x, X1) %>% summarise(avg_nchar = mean(nchar(X2)))	0.03516720000001783	0.03516888618469238	1600080624	100000	1000	13004218368
