exprs	process	real	size	rows	cols	max_memory
({ library(vroom) library(dplyr) })	0.460951	0.5350416480796412	1595025	1000	100	108503040
"x <- vroom(file, trim_ws = FALSE, quote = """", escape_double = FALSE, na = cha..."	0.12315900000000002	0.13276839698664844	1595025	1000	100	108503040
print(x)	0.3460289999999999	0.4093579570762813	1595025	1000	100	108503040
a <- head(x)	0.0013130000000001196	0.0015052150702103972	1595025	1000	100	108503040
b <- tail(x)	0.0014170000000000016	0.0014199389843270183	1595025	1000	100	108503040
c <- sample_n(x, 100)	0.011805999999999983	0.01403709000442177	1595025	1000	100	108503040
"d <- filter(x, X1 == ""helpless_sheep"")"	0.1084369999999999	0.1374361109919846	1595025	1000	100	108503040
e <- group_by(x, X1) %>% summarise(avg_nchar = mean(nchar(X2)))	0.008140999999999954	0.009300655103288591	1595025	1000	100	108503040
