exprs	process	real	size	rows	cols	max_memory
library(vroom)	0.27099322299999984	0.27102088928222656	1600080624	100000	1000	7050588160
"x <- vroom(file, trim_ws = FALSE, quote = """", escape_double = FALSE, na = cha..."	16.096324971999998	3.1437342166900635	1600080624	100000	1000	7050588160
print(x)	0.06175371999999868	0.06175589561462402	1600080624	100000	1000	7050588160
a <- head(x)	0.004202636999998788	0.004204511642456055	1600080624	100000	1000	7050588160
b <- tail(x)	0.003743497999998624	0.003745555877685547	1600080624	100000	1000	7050588160
c <- x[sample(NROW(x), 100), ]	0.004824033999998534	0.0048258304595947266	1600080624	100000	1000	7050588160
"d <- x[x$X1 == ""helpless_sheep"", ]"	0.05477418799999967	0.054776668548583984	1600080624	100000	1000	7050588160
e <- tapply(x$X2, x$X1, function(x) mean(nchar(x)))	0.2514594879999983	0.2514626979827881	1600080624	100000	1000	7050588160
