exprs	process	real	size	rows	cols	max_memory
({ library(vroom) library(dplyr) })	0.26091002100000016	0.2635314464569092	1600080624	100000	1000	7089057792
"x <- vroom(file, trim_ws = FALSE, quote = """", escape_double = FALSE, na = cha..."	11.244010096	1.047743320465088	1600080624	100000	1000	7089057792
print(x)	0.13793437800000063	0.13793635368347168	1600080624	100000	1000	7089057792
a <- head(x)	0.006284103000000485	0.006285905838012695	1600080624	100000	1000	7089057792
b <- tail(x)	0.00265409600000055	0.0026557445526123047	1600080624	100000	1000	7089057792
c <- sample_n(x, 100)	0.029361917000001014	0.029363393783569336	1600080624	100000	1000	7089057792
"d <- filter(x, X1 == ""helpless_sheep"")"	0.8634293040000003	0.8634424209594727	1600080624	100000	1000	7089057792
e <- group_by(x, X1) %>% summarise(avg_nchar = mean(nchar(X2)))	0.1350748450000001	0.13507676124572754	1600080624	100000	1000	7089057792
