exprs	process	real	size	rows	cols
({ library(vroom) library(dplyr) })	0.22724893599999985	0.22725272178649902	1600080624	100000	1000
"x <- vroom(file, trim_ws = FALSE, quote = """", escape_double = FALSE, na = cha..."	250.80488641300002	241.8856327533722	1600080624	100000	1000
print(x)	0.18101391600001193	0.1810159683227539	1600080624	100000	1000
a <- head(x)	0.0027900899999906414	0.002791881561279297	1600080624	100000	1000
b <- tail(x)	0.002806743999997252	0.002808094024658203	1600080624	100000	1000
c <- sample_n(x, 100)	0.011399662999991733	0.011413335800170898	1600080624	100000	1000
"d <- filter(x, X1 == ""helpless_sheep"")"	0.06351910000000771	0.0635213851928711	1600080624	100000	1000
e <- group_by(x, X1) %>% summarise(avg_nchar = mean(nchar(X2)))	0.03543186600001036	0.03543376922607422	1600080624	100000	1000
