exprs	process	real	size	rows	cols	max_memory
({ library(vroom) library(dplyr) })	0.258698651	0.2613525390625	1600080624	100000	1000	6559338496
"x <- vroom(file, trim_ws = FALSE, quote = """", escape_double = FALSE, na = cha..."	9.948143459	1.0104598999023438	1600080624	100000	1000	6559338496
print(x)	0.1558346549999996	0.17088913917541504	1600080624	100000	1000	6559338496
a <- head(x)	0.002826392000001121	0.002827882766723633	1600080624	100000	1000	6559338496
b <- tail(x)	0.002630345000000034	0.00263214111328125	1600080624	100000	1000	6559338496
c <- sample_n(x, 100)	0.029179929999999743	0.02918219566345215	1600080624	100000	1000	6559338496
"d <- filter(x, X1 == ""helpless_sheep"")"	0.7860990119999993	0.7861011028289795	1600080624	100000	1000	6559338496
e <- group_by(x, X1) %>% summarise(avg_nchar = mean(nchar(X2)))	0.13317050899999927	0.13317251205444336	1600080624	100000	1000	6559338496
