exprs	process	real	size	rows	cols
({ library(vroom) library(dplyr) })	0.22915316600000013	0.22916865348815918	1600080624	100000	1000
"x <- vroom(file, trim_ws = FALSE, quote = """", escape_double = FALSE, na = cha..."	9.051179905	0.8641729354858398	1600080624	100000	1000
print(x)	0.20618374000000017	0.20618605613708496	1600080624	100000	1000
a <- head(x)	0.0031540139999997052	0.0031561851501464844	1600080624	100000	1000
b <- tail(x)	0.0029018169999996957	0.002903461456298828	1600080624	100000	1000
c <- sample_n(x, 100)	0.03465684799999913	0.03465890884399414	1600080624	100000	1000
"d <- filter(x, X1 == ""helpless_sheep"")"	0.9080065589999986	0.9080300331115723	1600080624	100000	1000
e <- group_by(x, X1) %>% summarise(avg_nchar = mean(nchar(X2)))	0.14183828100000007	0.14184093475341797	1600080624	100000	1000
