exprs	process	real	size	rows	cols	max_memory
({ library(vroom) library(dplyr) })	0.47915899999999995	0.5611240939470008	1595025	1000	100	107950080
"x <- vroom(file, trim_ws = FALSE, quote = """", escape_double = FALSE, na = cha..."	0.1286400000000001	0.15006162005010992	1595025	1000	100	107950080
print(x)	0.3621329999999999	0.4179917590226978	1595025	1000	100	107950080
a <- head(x)	0.0013960000000001749	0.0013979789800941944	1595025	1000	100	107950080
b <- tail(x)	0.0014339999999999353	0.0014365359675139189	1595025	1000	100	107950080
c <- sample_n(x, 100)	0.01267599999999991	0.013749926001764834	1595025	1000	100	107950080
"d <- filter(x, X1 == ""helpless_sheep"")"	0.11314700000000011	0.13120213500224054	1595025	1000	100	107950080
e <- group_by(x, X1) %>% summarise(avg_nchar = mean(nchar(X2)))	0.008704000000000045	0.013179620960727334	1595025	1000	100	107950080
