exprs	process	real	size	rows	cols	max_memory
library(vroom)	0.14297949300000012	0.14561033248901367	1600080624	100000	1000	7069863936
"x <- vroom(file, trim_ws = FALSE, quote = """", escape_double = FALSE, na = cha..."	9.564135834	0.9464809894561768	1600080624	100000	1000	7069863936
print(x)	0.1730868189999999	0.17308807373046875	1600080624	100000	1000	7069863936
a <- head(x)	0.0038770540000001574	0.003878355026245117	1600080624	100000	1000	7069863936
b <- tail(x)	0.003737796999999432	0.0037393569946289062	1600080624	100000	1000	7069863936
c <- x[sample(NROW(x), 100), ]	0.004777967999999078	0.0047795772552490234	1600080624	100000	1000	7069863936
"d <- x[x$X1 == ""helpless_sheep"", ]"	0.1327257630000016	0.13272809982299805	1600080624	100000	1000	7069863936
e <- tapply(x$X2, x$X1, function(x) mean(nchar(x)))	0.29903134899999984	0.2990436553955078	1600080624	100000	1000	7069863936
