exprs	process	real	size	rows	cols	max_memory
({ library(vroom) library(dplyr) })	0.462725	0.5195395438931882	1595025	1000	100	122028032
"x <- vroom(file, trim_ws = FALSE, quote = """", escape_double = FALSE, na = cha..."	0.284567	0.33050306199584156	1595025	1000	100	122028032
print(x)	0.32857000000000003	0.3921545969787985	1595025	1000	100	122028032
a <- head(x)	5.380000000001495e-4	5.398989887908101e-4	1595025	1000	100	122028032
b <- tail(x)	5.580000000000584e-4	5.603600293397903e-4	1595025	1000	100	122028032
c <- sample_n(x, 100)	0.002778999999999865	0.0027812860207632184	1595025	1000	100	122028032
"d <- filter(x, X1 == ""helpless_sheep"")"	0.004546999999999857	0.004549189005047083	1595025	1000	100	122028032
e <- group_by(x, X1) %>% summarise(avg_nchar = mean(nchar(X2)))	0.005921000000000065	0.0059289500350132585	1595025	1000	100	122028032
