exprs	process	real	size	rows	cols	max_memory
library(vroom)	0.25320886099999984	0.25322651863098145	1600080624	100000	1000	7050190848
"x <- vroom(file, trim_ws = FALSE, quote = """", escape_double = FALSE, na = cha..."	12.182453607	1.4216139316558838	1600080624	100000	1000	7050190848
print(x)	0.05914211500000022	0.059143781661987305	1600080624	100000	1000	7050190848
a <- head(x)	0.0041610760000008185	0.00416254997253418	1600080624	100000	1000	7050190848
b <- tail(x)	0.0036269329999996103	0.003628253936767578	1600080624	100000	1000	7050190848
c <- x[sample(NROW(x), 100), ]	0.004724793999999477	0.0047261714935302734	1600080624	100000	1000	7050190848
"d <- x[x$X1 == ""helpless_sheep"", ]"	0.07390363200000039	0.07390546798706055	1600080624	100000	1000	7050190848
e <- tapply(x$X2, x$X1, function(x) mean(nchar(x)))	0.3820771149999995	0.3820912837982178	1600080624	100000	1000	7050190848
