exprs	process	real	size	rows	cols	max_memory
library(vroom)	0.154295637	0.15689969062805176	1600080624	100000	1000	6539390976
"x <- vroom(file, trim_ws = FALSE, quote = """", escape_double = FALSE, na = cha..."	10.551573415	0.9896538257598877	1600080624	100000	1000	6539390976
print(x)	0.1930968660000012	0.1930983066558838	1600080624	100000	1000	6539390976
a <- head(x)	0.003957767999999362	0.0039594173431396484	1600080624	100000	1000	6539390976
b <- tail(x)	0.003844404000000523	0.0038459300994873047	1600080624	100000	1000	6539390976
c <- x[sample(NROW(x), 100), ]	0.009261085999998642	0.009263038635253906	1600080624	100000	1000	6539390976
"d <- x[x$X1 == ""helpless_sheep"", ]"	0.1344282700000008	0.134429931640625	1600080624	100000	1000	6539390976
e <- tapply(x$X2, x$X1, function(x) mean(nchar(x)))	0.2715565160000004	0.2715587615966797	1600080624	100000	1000	6539390976
