exprs	process	real	size	rows	cols	max_memory
({ library(vroom) library(dplyr) })	0.2756768490000001	0.2783048152923584	1600080624	100000	1000	7036461056
"x <- vroom(file, trim_ws = FALSE, quote = """", escape_double = FALSE, na = cha..."	9.116004375	0.9385533332824707	1600080624	100000	1000	7036461056
print(x)	0.13529036900000158	0.13529205322265625	1600080624	100000	1000	7036461056
a <- head(x)	0.003677437999998645	0.003679513931274414	1600080624	100000	1000	7036461056
b <- tail(x)	0.003691927000000206	0.003693819046020508	1600080624	100000	1000	7036461056
c <- sample_n(x, 100)	0.027344810000000663	0.027346372604370117	1600080624	100000	1000	7036461056
"d <- filter(x, X1 == ""helpless_sheep"")"	0.07434594100000069	0.074359893798828125	1600080624	100000	1000	7036461056
e <- group_by(x, X1) %>% summarise(avg_nchar = mean(nchar(X2)))	0.1570134069999991	0.15701532363891602	1600080624	100000	1000	7036461056
