exprs	process	real	size	rows	cols	max_memory
({ library(vroom) library(dplyr) })	0.3346198920000003	0.334622859954834	1600080624	100000	1000	13032927232
"x <- vroom(file, trim_ws = FALSE, quote = """", escape_double = FALSE, na = cha..."	267.514549367	257.0526535511017	1600080624	100000	1000	13032927232
print(x)	0.06532291000002033	0.06532502174377441	1600080624	100000	1000	13032927232
a <- head(x)	0.0028291310000554404	0.0028307437896728516	1600080624	100000	1000	13032927232
b <- tail(x)	0.0024738669999919694	0.0024755001068115234	1600080624	100000	1000	13032927232
c <- sample_n(x, 100)	0.0274620670000445	0.027463912963867188	1600080624	100000	1000	13032927232
"d <- filter(x, X1 == ""helpless_sheep"")"	0.035407803999987664	0.03540992736816406	1600080624	100000	1000	13032927232
e <- group_by(x, X1) %>% summarise(avg_nchar = mean(nchar(X2)))	0.03786778400001367	0.037869930267333984	1600080624	100000	1000	13032927232
