exprs	process	real	size	rows	cols	max_memory
({ library(vroom) library(dplyr) })	0.33329375399999983	0.3332972526550293	1600080624	100000	1000	7049744384
"x <- vroom(file, trim_ws = FALSE, quote = """", escape_double = FALSE, na = cha..."	12.379640942	1.377018928527832	1600080624	100000	1000	7049744384
print(x)	0.060167971000000264	0.06016969680786133	1600080624	100000	1000	7049744384
a <- head(x)	0.004189851999999661	0.004191398620605469	1600080624	100000	1000	7049744384
b <- tail(x)	0.0036089490000001945	0.003610372543334961	1600080624	100000	1000	7049744384
c <- sample_n(x, 100)	0.038221715999998906	0.03823137283325195	1600080624	100000	1000	7049744384
"d <- filter(x, X1 == ""helpless_sheep"")"	0.08187962399999904	0.08188176155090332	1600080624	100000	1000	7049744384
e <- group_by(x, X1) %>% summarise(avg_nchar = mean(nchar(X2)))	0.17468856200000005	0.17469120025634766	1600080624	100000	1000	7049744384
