exprs	process	real	size	rows	cols	max_memory
({ library(vroom) library(dplyr) })	0.48449	0.5371485559735447	1595025	1000	100	120377344
"x <- vroom(file, trim_ws = FALSE, quote = """", escape_double = FALSE, na = cha..."	0.30672200000000005	0.3825113109778613	1595025	1000	100	120377344
print(x)	0.34946500000000014	0.4234602419892326	1595025	1000	100	120377344
a <- head(x)	5.779999999999674e-4	6.749710300937295e-4	1595025	1000	100	120377344
b <- tail(x)	5.900000000000905e-4	5.934340879321098e-4	1595025	1000	100	120377344
c <- sample_n(x, 100)	0.0030520000000000547	0.0030717269983142614	1595025	1000	100	120377344
"d <- filter(x, X1 == ""helpless_sheep"")"	0.004475000000000007	0.004489747923798859	1595025	1000	100	120377344
e <- group_by(x, X1) %>% summarise(avg_nchar = mean(nchar(X2)))	0.0066269999999999385	0.015370581997558475	1595025	1000	100	120377344
