exprs	process	real	size	rows	cols	max_memory
library(data.table)	0.053995267999999985	0.05399823188781738	400248755	1000000	25	5079732224
"x <- fread(file, sep = ""\t"", quote = """", strip.white = FALSE, na.strings = NULL)"	41.721648505000005	39.01547813415527	400248755	1000000	25	5079732224
print(x)	0.014342386999999235	0.014345169067382812	400248755	1000000	25	5079732224
a <- head(x)	2.637090000021658e-4	2.655982971191406e-4	400248755	1000000	25	5079732224
b <- tail(x)	2.0991699999939328e-4	2.117156982421875e-4	400248755	1000000	25	5079732224
c <- x[sample(NROW(x), 100), ]	0.0038995449999958964	0.003901958465576172	400248755	1000000	25	5079732224
"d <- x[X1 == ""helpless_sheep"", ]"	0.07283266200000327	0.017001867294311523	400248755	1000000	25	5079732224
e <- x[, .(mean(nchar(X2))), by = X1]	0.203263579999998	0.14937114715576172	400248755	1000000	25	5079732224
