exprs	process	real	size	rows	cols	max_memory
library(data.table)	0.04724350900000007	0.04725360870361328	400248755	1000000	25	5055275008
"x <- fread(file, sep = ""\t"", quote = """", strip.white = FALSE, na.strings = NULL)"	44.231613712999994	37.40152406692505	400248755	1000000	25	5055275008
print(x)	0.12555407899999693	0.013581037521362305	400248755	1000000	25	5055275008
a <- head(x)	2.0712000000600028e-4	2.086162567138672e-4	400248755	1000000	25	5055275008
b <- tail(x)	1.8614799999738807e-4	0.00018739700317382812	400248755	1000000	25	5055275008
c <- x[sample(NROW(x), 100), ]	0.0028951319999990233	0.0028972625732421875	400248755	1000000	25	5055275008
"d <- x[X1 == ""helpless_sheep"", ]"	0.09575201500000219	0.011757850646972656	400248755	1000000	25	5055275008
e <- x[, .(mean(nchar(X2))), by = X1]	0.38685774800000416	0.239884614944458	400248755	1000000	25	5055275008
