exprs	process	real	size	rows	cols	max_memory
library(data.table)	0.10395099999999996	0.10771796805784106	3999322	10000	25	136986624
"x <- fread(file, sep = ""\t"", quote = """", strip.white = FALSE, na.strings = NULL)"	0.372126	0.13719045801553875	3999322	10000	25	136986624
print(x)	0.18815700000000002	0.06297452899161726	3999322	10000	25	136986624
a <- head(x)	0.00676600000000005	4.947029519826174e-4	3999322	10000	25	136986624
b <- tail(x)	3.4800000000001496e-4	3.5018008202314377e-4	3999322	10000	25	136986624
c <- x[sample(NROW(x), 100), ]	0.0011759999999998438	0.001178549020551145	3999322	10000	25	136986624
"d <- x[X1 == ""helpless_sheep"", ]"	0.051204999999999945	0.013449035002849996	3999322	10000	25	136986624
e <- x[, .(mean(nchar(X2))), by = X1]	0.012672999999999934	0.007835368043743074	3999322	10000	25	136986624
