exprs	process	real	size	rows	cols	max_memory
library(data.table)	0.054726679999999917	0.05473041534423828	400248755	1000000	25	5110550528
"x <- fread(file, sep = ""\t"", quote = """", strip.white = FALSE, na.strings = NULL)"	44.994272655	38.2528555393219	400248755	1000000	25	5110550528
print(x)	0.09045770599999514	0.01569676399230957	400248755	1000000	25	5110550528
a <- head(x)	2.5805800000000545e-4	2.598762512207031e-4	400248755	1000000	25	5110550528
b <- tail(x)	2.18773000000283e-4	0.00021982192993164062	400248755	1000000	25	5110550528
c <- x[sample(NROW(x), 100), ]	0.0035115380000050322	0.0035135746002197266	400248755	1000000	25	5110550528
"d <- x[X1 == ""helpless_sheep"", ]"	0.08681282999999951	0.015536069869995117	400248755	1000000	25	5110550528
e <- x[, .(mean(nchar(X2))), by = X1]	0.4070050350000045	0.26586437225341797	400248755	1000000	25	5110550528
