exprs	process	real	size	rows	cols
library(data.table)	0.04997733799999993	0.049980878829956055	400248755	1000000	25
"x <- fread(file, sep = ""\t"", quote = """", strip.white = FALSE, na.strings = NULL)"	45.41597899	38.657522439956665	400248755	1000000	25
print(x)	0.12516638299999983	0.013624191284179688	400248755	1000000	25
a <- head(x)	2.1372400000529979e-4	0.00021505355834960938	400248755	1000000	25
b <- tail(x)	1.8841400000013664e-4	1.8978118896484375e-4	400248755	1000000	25
c <- x[sample(NROW(x), 100), ]	0.030983372000001452	0.002984285354614258	400248755	1000000	25
"d <- x[X1 == ""helpless_sheep"", ]"	0.09603488300000151	0.012037038803100586	400248755	1000000	25
e <- x[, .(mean(nchar(X2))), by = X1]	0.3698108079999969	0.24295258522033691	400248755	1000000	25
