exprs	process	real	size	rows	cols	max_memory
library(data.table)	0.0455941	0.045597076416015625	400248755	1000000	25	4521082880
"x <- fread(file, sep = ""\t"", quote = """", strip.white = FALSE, na.strings = NULL)"	43.825948603	37.06542730331421	400248755	1000000	25	4521082880
print(x)	0.11887603000000269	0.016161203384399414	400248755	1000000	25	4521082880
a <- head(x)	2.4643599999762955e-4	2.47955322265625e-4	400248755	1000000	25	4521082880
b <- tail(x)	1.9896299999544453e-4	2.002716064453125e-4	400248755	1000000	25	4521082880
c <- x[sample(NROW(x), 100), ]	0.031274557999999786	0.003274202346801758	400248755	1000000	25	4521082880
"d <- x[X1 == ""helpless_sheep"", ]"	0.09647801900000275	0.012479543685913086	400248755	1000000	25	4521082880
e <- x[, .(mean(nchar(X2))), by = X1]	0.389057446999999	0.2480320930480957	400248755	1000000	25	4521082880
