exprs	process	real	size	rows	cols	max_memory
library(data.table)	0.10037400000000002	0.1034050160087645	3999322	10000	25	139255808
"x <- fread(file, sep = ""\t"", quote = """", strip.white = FALSE, na.strings = NULL)"	0.158507	0.13997673394624144	3999322	10000	25	139255808
print(x)	0.11177999999999999	0.06244136393070221	3999322	10000	25	139255808
a <- head(x)	0.005395999999999956	3.5133096389472485e-4	3999322	10000	25	139255808
b <- tail(x)	2.68000000000046e-4	2.7028401382267475e-4	3999322	10000	25	139255808
c <- x[sample(NROW(x), 100), ]	0.010170000000000012	0.00441932596731931	3999322	10000	25	139255808
"d <- x[X1 == ""helpless_sheep"", ]"	0.03743399999999997	0.009800683008506894	3999322	10000	25	139255808
e <- x[, .(mean(nchar(X2))), by = X1]	0.07603499999999996	0.026246331981383264	3999322	10000	25	139255808
