exprs	process	real	size	rows	cols	max_memory
({ library(readr) library(dplyr) })	0.272452468	0.27512168884277344	400248755	1000000	25	4640411648
"x <- read_tsv(file, trim_ws = FALSE, quote = """", na = character())"	62.243739162	62.244168519973755	400248755	1000000	25	4640411648
print(x)	0.0827314880000074	0.0827333927154541	400248755	1000000	25	4640411648
a <- head(x)	2.0666000000346685e-4	2.079010009765625e-4	400248755	1000000	25	4640411648
b <- tail(x)	2.079990000112275e-4	0.00020933151245117188	400248755	1000000	25	4640411648
c <- sample_n(x, 100)	0.0037117690000059156	0.003713846206665039	400248755	1000000	25	4640411648
"d <- filter(x, X1 == ""helpless_sheep"")"	0.014479733000001715	0.01448202133178711	400248755	1000000	25	4640411648
e <- group_by(x, X1) %>% summarise(avg_nchar = mean(nchar(X2)))	0.4009590010000039	0.4009685516357422	400248755	1000000	25	4640411648
