exprs	process	real	size	rows	cols	max_memory
({ })	4.999999999977245e-6	6.366986781358719e-6	3999322	10000	25	135168000
"x <- read.delim(file, quote = """", na.strings = NULL, stringsAsFactors = FALSE)"	0.279373	0.3238499070284888	3999322	10000	25	135168000
print(head(x, 10))	0.055630999999999986	0.060799014987424016	3999322	10000	25	135168000
a <- head(x)	4.170000000000007e-4	4.1884498205035925e-4	3999322	10000	25	135168000
b <- tail(x)	4.8799999999993293e-4	4.896080354228616e-4	3999322	10000	25	135168000
c <- x[sample(NROW(x), 100), ]	7.869999999999822e-4	7.900949567556381e-4	3999322	10000	25	135168000
"d <- x[x$X1 == ""helpless_sheep"", ]"	0.003110000000000057	0.0036456011002883315	3999322	10000	25	135168000
e <- tapply(x$X2, x$X1, function(x) mean(nchar(x)))	0.037129999999999996	0.05011386901605874	3999322	10000	25	135168000
