exprs	process	real	size	rows	cols	max_memory
({ library(readr) library(dplyr) })	0.27801725900000007	0.27802062034606934	400248755	1000000	25	4671979520
"x <- read_tsv(file, trim_ws = FALSE, quote = """", na = character())"	62.577469189	62.581751346588135	400248755	1000000	25	4671979520
print(x)	0.07374980299999834	0.10151100158691406	400248755	1000000	25	4671979520
a <- head(x)	0.0011762729999986732	0.0011777877807617188	400248755	1000000	25	4671979520
b <- tail(x)	5.460859999999457e-4	5.471706390380859e-4	400248755	1000000	25	4671979520
c <- sample_n(x, 100)	0.016387897000001317	0.01638960838317871	400248755	1000000	25	4671979520
"d <- filter(x, X1 == ""helpless_sheep"")"	0.019892996999999468	0.019894838333129883	400248755	1000000	25	4671979520
e <- group_by(x, X1) %>% summarise(avg_nchar = mean(nchar(X2)))	0.21462222699999245	0.21462440490722656	400248755	1000000	25	4671979520
