exprs	process	real	size	rows	cols	max_memory
({ })	2.660999999987146e-6	4.291534423828125e-6	400248755	1000000	25	4229836800
"x <- read.delim(file, quote = """", na.strings = NULL, stringsAsFactors = FALSE)"	98.863976765	98.86460661888123	400248755	1000000	25	4229836800
print(head(x, 10))	0.0072732809999962456	0.0072748661041259766	400248755	1000000	25	4229836800
a <- head(x)	2.062020000010989e-4	2.071857452392578e-4	400248755	1000000	25	4229836800
b <- tail(x)	2.2959899999364097e-4	0.00023031234741210938	400248755	1000000	25	4229836800
c <- x[sample(NROW(x), 100), ]	0.0010134759999971266	0.0010151863098144531	400248755	1000000	25	4229836800
"d <- x[x$X1 == ""helpless_sheep"", ]"	0.02327209300000277	0.023273706436157227	400248755	1000000	25	4229836800
e <- tapply(x$X2, x$X1, function(x) mean(nchar(x)))	0.41287187199999664	0.4128847122192383	400248755	1000000	25	4229836800
