exprs	process	real	size	rows	cols	max_memory
({ })	4.0029999999191546e-6	6.198883056640625e-6	400248755	1000000	25	4863918080
"x <- read.delim(file, quote = """", na.strings = NULL, stringsAsFactors = FALSE)"	103.065713264	103.06781911849976	400248755	1000000	25	4863918080
print(head(x, 10))	0.007192154999998479	0.007193565368652344	400248755	1000000	25	4863918080
a <- head(x)	2.5602699999183187e-4	2.5725364685058594e-4	400248755	1000000	25	4863918080
b <- tail(x)	4.7244900000009693e-4	4.737377166748047e-4	400248755	1000000	25	4863918080
c <- x[sample(NROW(x), 100), ]	0.0015474770000025728	0.0015492439270019531	400248755	1000000	25	4863918080
"d <- x[x$X1 == ""helpless_sheep"", ]"	0.027589560000009783	0.027591228485107422	400248755	1000000	25	4863918080
e <- tapply(x$X2, x$X1, function(x) mean(nchar(x)))	0.29284924599998874	0.29285216331481934	400248755	1000000	25	4863918080
