exprs	process	real	size	rows	cols	max_memory
({ })	3.0829999999593127e-6	5.0067901611328125e-6	400248755	1000000	25	4768243712
"x <- read.delim(file, quote = """", na.strings = NULL, stringsAsFactors = FALSE)"	103.132696768	103.13448238372803	400248755	1000000	25	4768243712
print(head(x, 10))	0.007480932999996526	0.007482290267944336	400248755	1000000	25	4768243712
a <- head(x)	2.4336399999924652e-4	2.4437904357910156e-4	400248755	1000000	25	4768243712
b <- tail(x)	4.5246899999540346e-4	4.534721374511719e-4	400248755	1000000	25	4768243712
c <- x[sample(NROW(x), 100), ]	0.0013911710000087396	0.001392364501953125	400248755	1000000	25	4768243712
"d <- x[x$X1 == ""helpless_sheep"", ]"	0.027266701000002058	0.027276992797851562	400248755	1000000	25	4768243712
e <- tapply(x$X2, x$X1, function(x) mean(nchar(x)))	0.4133351480000016	0.41333723068237305	400248755	1000000	25	4768243712
