exprs	process	real	size	rows	cols
({ library(readr) library(dplyr) })	0.2792824690000002	0.2818918228149414	400248755	1000000	25
"x <- read_tsv(file, trim_ws = FALSE, quote = """", na = character())"	63.089642924	63.09004807472229	400248755	1000000	25
print(x)	0.08623367199999166	0.08623552322387695	400248755	1000000	25
a <- head(x)	1.7079099998795755e-4	1.71661376953125e-4	400248755	1000000	25
b <- tail(x)	1.9907700000487694e-4	2.0003318786621094e-4	400248755	1000000	25
c <- sample_n(x, 100)	0.003647628999999597	0.003649473190307617	400248755	1000000	25
"d <- filter(x, X1 == ""helpless_sheep"")"	0.01409492800000578	0.014096498489379883	400248755	1000000	25
e <- group_by(x, X1) %>% summarise(avg_nchar = mean(nchar(X2)))	0.42657145499998705	0.42658519744873047	400248755	1000000	25
