exprs	process	real	size	rows	cols	max_memory
({ library(readr) library(dplyr) })	0.3416924800000003	0.3443746566772461	400248755	1000000	25	4665847808
"x <- read_tsv(file, trim_ws = FALSE, quote = """", na = character())"	62.586024902000005	62.58733940124512	400248755	1000000	25	4665847808
print(x)	0.0917251489999984	0.09172654151916504	400248755	1000000	25	4665847808
a <- head(x)	2.6175000000705495e-4	2.627372741699219e-4	400248755	1000000	25	4665847808
b <- tail(x)	4.6958299999744213e-4	4.706382751464844e-4	400248755	1000000	25	4665847808
c <- sample_n(x, 100)	0.011552440000002662	0.01155400276184082	400248755	1000000	25	4665847808
"d <- filter(x, X1 == ""helpless_sheep"")"	0.01790808299999469	0.017910003662109375	400248755	1000000	25	4665847808
e <- group_by(x, X1) %>% summarise(avg_nchar = mean(nchar(X2)))	0.3454150179999971	0.3454418182373047	400248755	1000000	25	4665847808
