exprs	process	real	size	rows	cols
({ })	4.2330000000756485e-6	6.4373016357421875e-6	400248755	1000000	25
"x <- read.delim(file, quote = """", na.strings = NULL, stringsAsFactors = FALSE)"	102.933595684	102.9342679977417	400248755	1000000	25
print(head(x, 10))	0.006769292000001315	0.006771087646484375	400248755	1000000	25
a <- head(x)	2.1526699998730692e-4	2.162456512451172e-4	400248755	1000000	25
b <- tail(x)	2.5143199999888566e-4	2.524852752685547e-4	400248755	1000000	25
c <- x[sample(NROW(x), 100), ]	0.0010187039999891567	0.0010204315185546875	400248755	1000000	25
"d <- x[x$X1 == ""helpless_sheep"", ]"	0.023234106999993287	0.02323627471923828	400248755	1000000	25
e <- tapply(x$X2, x$X1, function(x) mean(nchar(x)))	0.4128130520000042	0.4128265380859375	400248755	1000000	25
