exprs	process	real	size	rows	cols	max_memory
({ library(readr) library(dplyr) })	0.578923	0.736006828956306	3999322	10000	25	140439552
"x <- read_tsv(file, trim_ws = FALSE, quote = """", na = character())"	0.40090100000000006	0.4938569440273568	3999322	10000	25	140439552
print(x)	0.16825500000000004	0.21150246902834624	3999322	10000	25	140439552
a <- head(x)	2.709999999999102e-4	2.7319800574332476e-4	3999322	10000	25	140439552
b <- tail(x)	3.2399999999999096e-4	3.2548699527978897e-4	3999322	10000	25	140439552
c <- sample_n(x, 100)	0.00231899999999996	0.002320679952390492	3999322	10000	25	140439552
"d <- filter(x, X1 == ""helpless_sheep"")"	0.003357999999999972	0.0033598820446059108	3999322	10000	25	140439552
e <- group_by(x, X1) %>% summarise(avg_nchar = mean(nchar(X2)))	0.011927999999999939	0.018053325940854847	3999322	10000	25	140439552
