exprs	process	real	size	rows	cols	max_memory
({ library(readr) library(dplyr) })	0.3042305559999998	0.3042337894439697	400248755	1000000	25	4671975424
"x <- read_tsv(file, trim_ws = FALSE, quote = """", na = character())"	66.32118139699999	66.32570481300354	400248755	1000000	25	4671975424
print(x)	0.07149024199999587	0.09499812126159668	400248755	1000000	25	4671975424
a <- head(x)	0.0012022949999987986	0.001203775405883789	400248755	1000000	25	4671975424
b <- tail(x)	5.690149999963978e-4	5.702972412109375e-4	400248755	1000000	25	4671975424
c <- sample_n(x, 100)	0.016682439999996745	0.016684293746948242	400248755	1000000	25	4671975424
"d <- filter(x, X1 == ""helpless_sheep"")"	0.020240029000007098	0.020242691040039062	400248755	1000000	25	4671975424
e <- group_by(x, X1) %>% summarise(avg_nchar = mean(nchar(X2)))	0.2271351539999955	0.22713708877563477	400248755	1000000	25	4671975424
