exprs	process	real	size	rows	cols	max_memory
({ library(readr) library(dplyr) })	0.565291	0.7513354419497773	3999322	10000	25	141799424
"x <- read_tsv(file, trim_ws = FALSE, quote = """", na = character())"	0.39906699999999995	0.4814421720802784	3999322	10000	25	141799424
print(x)	0.15803000000000011	0.16916473594028503	3999322	10000	25	141799424
a <- head(x)	2.889999999999837e-4	2.906400477513671e-4	3999322	10000	25	141799424
b <- tail(x)	3.569999999999407e-4	4.168000305071473e-4	3999322	10000	25	141799424
c <- sample_n(x, 100)	0.0022079999999999878	0.002243193914182484	3999322	10000	25	141799424
"d <- filter(x, X1 == ""helpless_sheep"")"	0.0034600000000000186	0.0036939260317012668	3999322	10000	25	141799424
e <- group_by(x, X1) %>% summarise(avg_nchar = mean(nchar(X2)))	0.01083400000000001	0.013902270933613181	3999322	10000	25	141799424
