exprs	process	real	size	rows	cols	max_memory
({ })	2.285000000101789e-6	3.814697265625e-6	400248755	1000000	25	4709076992
"x <- read.delim(file, quote = """", na.strings = NULL, stringsAsFactors = FALSE)"	99.327081051	99.32770681381226	400248755	1000000	25	4709076992
print(head(x, 10))	0.007457294999994701	0.007459163665771484	400248755	1000000	25	4709076992
a <- head(x)	2.039859999882765e-4	2.048015594482422e-4	400248755	1000000	25	4709076992
b <- tail(x)	2.4939400000789647e-4	2.503395080566406e-4	400248755	1000000	25	4709076992
c <- x[sample(NROW(x), 100), ]	0.0010051839999931644	0.0010066032409667969	400248755	1000000	25	4709076992
"d <- x[x$X1 == ""helpless_sheep"", ]"	0.02324004599999796	0.023241758346557617	400248755	1000000	25	4709076992
e <- tapply(x$X2, x$X1, function(x) mean(nchar(x)))	0.41312897799998893	0.41314053535461426	400248755	1000000	25	4709076992
