exprs	process	real	size	rows	cols	max_memory
({ library(vroom) library(dplyr) })	0.33683956000000004	0.33684349060058594	400248755	1000000	25	4617994240
"x <- vroom(file, trim_ws = FALSE, quote = """", escape_double = FALSE, na = cha..."	53.144246626	50.454383850097656	400248755	1000000	25	4617994240
print(x)	0.04912083899999686	0.04912281036376953	400248755	1000000	25	4617994240
a <- head(x)	0.0010306440000036332	0.001032114028930664	400248755	1000000	25	4617994240
b <- tail(x)	5.248319999964224e-4	5.261898040771484e-4	400248755	1000000	25	4617994240
c <- sample_n(x, 100)	0.015900661999999954	0.01590275764465332	400248755	1000000	25	4617994240
"d <- filter(x, X1 == ""helpless_sheep"")"	0.020508452000001398	0.02051067352294922	400248755	1000000	25	4617994240
e <- group_by(x, X1) %>% summarise(avg_nchar = mean(nchar(X2)))	0.14906932099999892	0.14907217025756836	400248755	1000000	25	4617994240
