exprs	process	real	size	rows	cols	max_memory
({ library(vroom) library(dplyr) })	0.259193567	0.26187610626220703	400248755	1000000	25	2930081792
"x <- vroom(file, trim_ws = FALSE, quote = """", escape_double = FALSE, na = cha..."	2.496106168	0.2597661018371582	400248755	1000000	25	2930081792
print(x)	0.18637131699999987	0.18637299537658691	400248755	1000000	25	2930081792
a <- head(x)	1.9904399999992606e-4	2.0003318786621094e-4	400248755	1000000	25	2930081792
b <- tail(x)	2.049249999998004e-4	2.0575523376464844e-4	400248755	1000000	25	2930081792
c <- sample_n(x, 100)	0.005728629000000041	0.005730152130126953	400248755	1000000	25	2930081792
"d <- filter(x, X1 == ""helpless_sheep"")"	0.159592607	0.15960144996643066	400248755	1000000	25	2930081792
e <- group_by(x, X1) %>% summarise(avg_nchar = mean(nchar(X2)))	1.3554310470000002	1.3554432392120361	400248755	1000000	25	2930081792
