exprs	process	real	size	rows	cols	max_memory
({ library(vroom) library(dplyr) })	0.27615680899999995	0.2787041664123535	400248755	1000000	25	4601868288
"x <- vroom(file, trim_ws = FALSE, quote = """", escape_double = FALSE, na = cha..."	53.820947507999996	51.72793793678284	400248755	1000000	25	4601868288
print(x)	0.09125739000000266	0.09125876426696777	400248755	1000000	25	4601868288
a <- head(x)	2.46272999994801e-4	2.472400665283203e-4	400248755	1000000	25	4601868288
b <- tail(x)	4.5410399999923357e-4	4.551410675048828e-4	400248755	1000000	25	4601868288
c <- sample_n(x, 100)	0.010844147000000248	0.010845661163330078	400248755	1000000	25	4601868288
"d <- filter(x, X1 == ""helpless_sheep"")"	0.017856094000002543	0.017857789993286133	400248755	1000000	25	4601868288
e <- group_by(x, X1) %>% summarise(avg_nchar = mean(nchar(X2)))	0.26938586299999656	0.26938748359680176	400248755	1000000	25	4601868288
