exprs	process	real	size	rows	cols	max_memory
({ library(vroom) library(dplyr) })	0.455507	0.5410489100031555	3999322	10000	25	94322688
"x <- vroom(file, trim_ws = FALSE, quote = """", escape_double = FALSE, na = cha..."	0.11936900000000006	0.12969999201595783	3999322	10000	25	94322688
print(x)	0.299342	0.32472410693299025	3999322	10000	25	94322688
a <- head(x)	4.4400000000011097e-4	5.27972006238997e-4	3999322	10000	25	94322688
b <- tail(x)	4.450000000000287e-4	4.4748105574399233e-4	3999322	10000	25	94322688
c <- sample_n(x, 100)	0.004349000000000158	0.004778277943842113	3999322	10000	25	94322688
"d <- filter(x, X1 == ""helpless_sheep"")"	0.035719000000000056	0.06494663597550243	3999322	10000	25	94322688
e <- group_by(x, X1) %>% summarise(avg_nchar = mean(nchar(X2)))	0.028399000000000063	0.035401839995756745	3999322	10000	25	94322688
