exprs	process	real	size	rows	cols	max_memory
library(vroom)	0.258302236	0.25830674171447754	400248755	1000000	25	3461386240
"x <- vroom(file, trim_ws = FALSE, quote = """", escape_double = FALSE, na = cha..."	3.608566046	0.5659334659576416	400248755	1000000	25	3461386240
print(x)	0.046634346999999465	0.04663586616516113	400248755	1000000	25	3461386240
a <- head(x)	0.0010254820000001885	0.0010268688201904297	400248755	1000000	25	3461386240
b <- tail(x)	5.21490999999763e-4	5.228519439697266e-4	400248755	1000000	25	3461386240
c <- x[sample(NROW(x), 100), ]	0.0028584260000004136	0.0028595924377441406	400248755	1000000	25	3461386240
"d <- x[x$X1 == ""helpless_sheep"", ]"	0.42046620300000015	0.4204683303833008	400248755	1000000	25	3461386240
e <- tapply(x$X2, x$X1, function(x) mean(nchar(x)))	3.743744531	3.743811845779419	400248755	1000000	25	3461386240
