exprs	process	real	size	rows	cols	max_memory
library(vroom)	0.24390799999999996	0.3909794030478224	3999322	10000	25	95907840
"x <- vroom(file, trim_ws = FALSE, quote = """", escape_double = FALSE, na = cha..."	0.20633200000000007	0.18848117301240563	3999322	10000	25	95907840
print(x)	0.25153100000000006	0.2751479069702327	3999322	10000	25	95907840
a <- head(x)	4.509999999999792e-4	4.762199241667986e-4	3999322	10000	25	95907840
b <- tail(x)	4.5399999999995444e-4	4.5544595923274755e-4	3999322	10000	25	95907840
c <- x[sample(NROW(x), 100), ]	7.340000000000124e-4	7.36069050617516e-4	3999322	10000	25	95907840
"d <- x[x$X1 == ""helpless_sheep"", ]"	0.012066000000000132	0.012174282921478152	3999322	10000	25	95907840
e <- tapply(x$X2, x$X1, function(x) mean(nchar(x)))	0.10396399999999995	0.13083666004240513	3999322	10000	25	95907840
