exprs	process	real	size	rows	cols	max_memory
({ library(vroom) library(dplyr) })	0.329295726	0.32930636405944824	400248755	1000000	25	3446460416
"x <- vroom(file, trim_ws = FALSE, quote = """", escape_double = FALSE, na = cha..."	3.9099955099999995	0.5987141132354736	400248755	1000000	25	3446460416
print(x)	0.0557629369999999	0.05576491355895996	400248755	1000000	25	3446460416
a <- head(x)	9.777260000003452e-4	9.789466857910156e-4	400248755	1000000	25	3446460416
b <- tail(x)	5.246159999998667e-4	5.257129669189453e-4	400248755	1000000	25	3446460416
c <- sample_n(x, 100)	0.014512246000000673	0.014513969421386719	400248755	1000000	25	3446460416
"d <- filter(x, X1 == ""helpless_sheep"")"	0.3980834799999995	0.39809513092041016	400248755	1000000	25	3446460416
e <- group_by(x, X1) %>% summarise(avg_nchar = mean(nchar(X2)))	1.4894179050000007	1.4894294738769531	400248755	1000000	25	3446460416
