exprs	process	real	size	rows	cols	max_memory
library(vroom)	0.15399191299999998	0.15660929679870605	400248755	1000000	25	2910142464
"x <- vroom(file, trim_ws = FALSE, quote = """", escape_double = FALSE, na = cha..."	2.5884696	0.2865273952484131	400248755	1000000	25	2910142464
print(x)	0.17093633600000002	0.17093801498413086	400248755	1000000	25	2910142464
a <- head(x)	2.060809999999691e-4	2.071857452392578e-4	400248755	1000000	25	2910142464
b <- tail(x)	2.0082999999981865e-4	0.00020170211791992188	400248755	1000000	25	2910142464
c <- x[sample(NROW(x), 100), ]	0.00243690799999996	0.002438068389892578	400248755	1000000	25	2910142464
"d <- x[x$X1 == ""helpless_sheep"", ]"	0.16053525199999985	0.1605370044708252	400248755	1000000	25	2910142464
e <- tapply(x$X2, x$X1, function(x) mean(nchar(x)))	1.9340505350000003	1.9340729713439941	400248755	1000000	25	2910142464
