exprs	process	real	size	rows	cols	max_memory
library(vroom)	0.11670585300000003	0.11918783187866211	400248755	1000000	25	3435847680
"x <- vroom(file, trim_ws = FALSE, quote = """", escape_double = FALSE, na = cha..."	2.536149947	0.33865857124328613	400248755	1000000	25	3435847680
print(x)	0.08837307300000052	0.08837485313415527	400248755	1000000	25	3435847680
a <- head(x)	2.7084200000082603e-4	2.720355987548828e-4	400248755	1000000	25	3435847680
b <- tail(x)	4.3290600000034374e-4	4.341602325439453e-4	400248755	1000000	25	3435847680
c <- x[sample(NROW(x), 100), ]	0.0025095029999997465	0.002510547637939453	400248755	1000000	25	3435847680
"d <- x[x$X1 == ""helpless_sheep"", ]"	0.1409793610000003	0.14098215103149414	400248755	1000000	25	3435847680
e <- tapply(x$X2, x$X1, function(x) mean(nchar(x)))	2.0250508330000008	2.0250861644744873	400248755	1000000	25	3435847680
