exprs	process	real	size	rows	cols	max_memory
library(vroom)	0.254354	0.2963340049609542	3999322	10000	25	93855744
"x <- vroom(file, trim_ws = FALSE, quote = """", escape_double = FALSE, na = cha..."	0.2052679999999999	0.2030566610628739	3999322	10000	25	93855744
print(x)	0.26497700000000013	0.3620227739447728	3999322	10000	25	93855744
a <- head(x)	4.8399999999992893e-4	4.998069489374757e-4	3999322	10000	25	93855744
b <- tail(x)	4.890000000001837e-4	4.91278013214469e-4	3999322	10000	25	93855744
c <- x[sample(NROW(x), 100), ]	8.299999999998864e-4	8.326100651174784e-4	3999322	10000	25	93855744
"d <- x[x$X1 == ""helpless_sheep"", ]"	0.012842999999999938	0.014586303033865988	3999322	10000	25	93855744
e <- tapply(x$X2, x$X1, function(x) mean(nchar(x)))	0.10612299999999997	0.11468529899138957	3999322	10000	25	93855744
