exprs	process	real	size	rows	cols
({ library(vroom) library(dplyr) })	0.2232291190000002	0.22324514389038086	400248755	1000000	25
"x <- vroom(file, trim_ws = FALSE, quote = """", escape_double = FALSE, na = cha..."	2.467102906	0.26341819763183594	400248755	1000000	25
print(x)	0.18058602899999965	0.1805884838104248	400248755	1000000	25
a <- head(x)	1.8606600000037332e-4	1.86920166015625e-4	400248755	1000000	25
b <- tail(x)	1.834370000004526e-4	1.842975616455078e-4	400248755	1000000	25
c <- sample_n(x, 100)	0.003979449000000024	0.003981113433837891	400248755	1000000	25
"d <- filter(x, X1 == ""helpless_sheep"")"	0.15844897499999977	0.15845131874084473	400248755	1000000	25
e <- group_by(x, X1) %>% summarise(avg_nchar = mean(nchar(X2)))	1.136086228	1.1360979080200195	400248755	1000000	25
