exprs	process	real	size	rows	cols
({ library(vroom) library(dplyr) })	0.21969232699999997	0.2196955680847168	400248755	1000000	25
"x <- vroom(file, trim_ws = FALSE, quote = """", escape_double = FALSE, na = cha..."	53.014992948	50.70506453514099	400248755	1000000	25
print(x)	0.11469181400000394	0.11469364166259766	400248755	1000000	25
a <- head(x)	1.6733700000060026e-4	0.00016832351684570312	400248755	1000000	25
b <- tail(x)	1.8128099999614733e-4	1.823902130126953e-4	400248755	1000000	25
c <- sample_n(x, 100)	0.0037541700000005562	0.0037560462951660156	400248755	1000000	25
"d <- filter(x, X1 == ""helpless_sheep"")"	0.014970424999994236	0.014972686767578125	400248755	1000000	25
e <- group_by(x, X1) %>% summarise(avg_nchar = mean(nchar(X2)))	0.3148240450000017	0.31482625007629395	400248755	1000000	25
