exprs	process	real	size	rows	cols	max_memory
({ library(vroom) library(dplyr) })	0.256260804	0.258852481842041	400248755	1000000	25	4071514112
"x <- vroom(file, trim_ws = FALSE, quote = """", escape_double = FALSE, na = cha..."	51.855889415	49.65838956832886	400248755	1000000	25	4071514112
print(x)	0.12347327199999825	0.1234748363494873	400248755	1000000	25	4071514112
a <- head(x)	1.4146299999850953e-4	1.4209747314453125e-4	400248755	1000000	25	4071514112
b <- tail(x)	1.7375000000185992e-4	1.747608184814453e-4	400248755	1000000	25	4071514112
c <- sample_n(x, 100)	0.005317069000000174	0.005318403244018555	400248755	1000000	25	4071514112
"d <- filter(x, X1 == ""helpless_sheep"")"	0.015045690000000889	0.015047073364257812	400248755	1000000	25	4071514112
e <- group_by(x, X1) %>% summarise(avg_nchar = mean(nchar(X2)))	0.3131872050000055	0.3131892681121826	400248755	1000000	25	4071514112
