exprs	process	real	size	rows	cols	max_memory
({ library(vroom) library(dplyr) })	0.24095422099999997	0.24360203742980957	400248755	1000000	25	3436204032
"x <- vroom(file, trim_ws = FALSE, quote = """", escape_double = FALSE, na = cha..."	2.8325050289999996	0.2742807865142822	400248755	1000000	25	3436204032
print(x)	0.15981507300000075	0.15981650352478027	400248755	1000000	25	3436204032
a <- head(x)	2.0034899999998856e-4	2.0122528076171875e-4	400248755	1000000	25	3436204032
b <- tail(x)	2.0434600000029945e-4	2.0503997802734375e-4	400248755	1000000	25	3436204032
c <- sample_n(x, 100)	0.004054731000000089	0.004056215286254883	400248755	1000000	25	3436204032
"d <- filter(x, X1 == ""helpless_sheep"")"	0.16052536399999973	0.16052722930908203	400248755	1000000	25	3436204032
e <- group_by(x, X1) %>% summarise(avg_nchar = mean(nchar(X2)))	1.2310498650000001	1.231067180633545	400248755	1000000	25	3436204032
