exprs	process	real	size	rows	cols	max_memory
({ library(vroom) library(dplyr) })	0.3353011269999999	0.3353137969970703	400248755	1000000	25	4617949184
"x <- vroom(file, trim_ws = FALSE, quote = """", escape_double = FALSE, na = cha..."	55.097598516	51.791743993759155	400248755	1000000	25	4617949184
print(x)	0.049568673000003116	0.04958629608154297	400248755	1000000	25	4617949184
a <- head(x)	0.0010289399999976467	0.0010302066802978516	400248755	1000000	25	4617949184
b <- tail(x)	5.360299999992435e-4	5.371570587158203e-4	400248755	1000000	25	4617949184
c <- sample_n(x, 100)	0.01598809200000062	0.01598978042602539	400248755	1000000	25	4617949184
"d <- filter(x, X1 == ""helpless_sheep"")"	0.020452964000000406	0.020455121994018555	400248755	1000000	25	4617949184
e <- group_by(x, X1) %>% summarise(avg_nchar = mean(nchar(X2)))	0.15103152700000066	0.15103363990783691	400248755	1000000	25	4617949184
