exprs	process	real	size	rows	cols	max_memory
({ library(vroom) library(dplyr) })	0.24448811999999998	0.24713778495788574	400248755	1000000	25	4604383232
"x <- vroom(file, trim_ws = FALSE, quote = """", escape_double = FALSE, na = cha..."	50.865015148999994	48.741339921951294	400248755	1000000	25	4604383232
print(x)	0.10729362299999678	0.10729527473449707	400248755	1000000	25	4604383232
a <- head(x)	1.4730800000251065e-4	0.00014829635620117188	400248755	1000000	25	4604383232
b <- tail(x)	1.804609999993545e-4	1.811981201171875e-4	400248755	1000000	25	4604383232
c <- sample_n(x, 100)	0.0036723609999995688	0.003674030303955078	400248755	1000000	25	4604383232
"d <- filter(x, X1 == ""helpless_sheep"")"	0.014616275999998152	0.014618158340454102	400248755	1000000	25	4604383232
e <- group_by(x, X1) %>% summarise(avg_nchar = mean(nchar(X2)))	0.31097660200000377	0.3109886646270752	400248755	1000000	25	4604383232
