exprs	process	real	size	rows	cols	max_memory
({ library(vroom) library(dplyr) })	0.456279	0.5325828830245882	3999322	10000	25	142897152
"x <- vroom(file, trim_ws = FALSE, quote = """", escape_double = FALSE, na = cha..."	0.5575439999999999	0.6201349809998646	3999322	10000	25	142897152
print(x)	0.2049970000000001	0.22977375204209238	3999322	10000	25	142897152
a <- head(x)	2.489999999999437e-4	2.5101599749177694e-4	3999322	10000	25	142897152
b <- tail(x)	2.9400000000001647e-4	2.956459065899253e-4	3999322	10000	25	142897152
c <- sample_n(x, 100)	0.0021970000000000045	0.002386966021731496	3999322	10000	25	142897152
"d <- filter(x, X1 == ""helpless_sheep"")"	0.0028290000000001925	0.003145223017781973	3999322	10000	25	142897152
e <- group_by(x, X1) %>% summarise(avg_nchar = mean(nchar(X2)))	0.04042800000000013	0.05010602995753288	3999322	10000	25	142897152
