exprs	process	real	size	rows	cols	max_memory
({ library(vroom) library(dplyr) })	0.3563563940000001	0.35636043548583984	400248755	1000000	25	3446657024
"x <- vroom(file, trim_ws = FALSE, quote = """", escape_double = FALSE, na = cha..."	3.6933613389999995	0.6395699977874756	400248755	1000000	25	3446657024
print(x)	0.057654061000000034	0.057656049728393555	400248755	1000000	25	3446657024
a <- head(x)	0.0010614000000002122	0.0010628700256347656	400248755	1000000	25	3446657024
b <- tail(x)	5.792140000000501e-4	5.805492401123047e-4	400248755	1000000	25	3446657024
c <- sample_n(x, 100)	0.015052698999999947	0.015054941177368164	400248755	1000000	25	3446657024
"d <- filter(x, X1 == ""helpless_sheep"")"	0.1843323209999994	0.18434882164001465	400248755	1000000	25	3446657024
e <- group_by(x, X1) %>% summarise(avg_nchar = mean(nchar(X2)))	1.2399041610000001	1.2399187088012695	400248755	1000000	25	3446657024
