exprs	process	real	size	rows	cols	max_memory
({ library(vroom) library(dplyr) })	0.473794	0.5776265599997714	3999322	10000	25	92725248
"x <- vroom(file, trim_ws = FALSE, quote = """", escape_double = FALSE, na = cha..."	0.12520900000000001	0.12824628199450672	3999322	10000	25	92725248
print(x)	0.31045199999999995	0.36229229799937457	3999322	10000	25	92725248
a <- head(x)	4.6600000000007746e-4	4.6874198596924543e-4	3999322	10000	25	92725248
b <- tail(x)	5.010000000000847e-4	5.028339801356196e-4	3999322	10000	25	92725248
c <- sample_n(x, 100)	0.0044239999999999835	0.004427942913025618	3999322	10000	25	92725248
"d <- filter(x, X1 == ""helpless_sheep"")"	0.03643799999999997	0.05057176505215466	3999322	10000	25	92725248
e <- group_by(x, X1) %>% summarise(avg_nchar = mean(nchar(X2)))	0.029401999999999928	0.04039238695986569	3999322	10000	25	92725248
