exprs	process	real	size	rows	cols	max_memory
({ library(vroom) library(dplyr) })	0.2756876129999999	0.2783191204071045	400248755	1000000	25	3407822848
"x <- vroom(file, trim_ws = FALSE, quote = """", escape_double = FALSE, na = cha..."	2.225934752	0.24895286560058594	400248755	1000000	25	3407822848
print(x)	0.097883371	0.0978846549987793	400248755	1000000	25	3407822848
a <- head(x)	2.8609399999979246e-4	2.8705596923828125e-4	400248755	1000000	25	3407822848
b <- tail(x)	4.3845099999995085e-4	4.3964385986328125e-4	400248755	1000000	25	3407822848
c <- sample_n(x, 100)	0.009912521000000396	0.009914159774780273	400248755	1000000	25	3407822848
"d <- filter(x, X1 == ""helpless_sheep"")"	0.15460148200000035	0.1546037197113037	400248755	1000000	25	3407822848
e <- group_by(x, X1) %>% summarise(avg_nchar = mean(nchar(X2)))	1.21255793	1.2125794887542725	400248755	1000000	25	3407822848
