exprs	process	real	size	rows	cols	max_memory
library(vroom)	0.15206518200000008	0.15473008155822754	400248755	1000000	25	3440488448
"x <- vroom(file, trim_ws = FALSE, quote = """", escape_double = FALSE, na = cha..."	2.324011627	0.27710509300231934	400248755	1000000	25	3440488448
print(x)	0.17148670100000007	0.17149949073791504	400248755	1000000	25	3440488448
a <- head(x)	1.8154300000006174e-4	0.00018262863159179688	400248755	1000000	25	3440488448
b <- tail(x)	1.761670000002269e-4	0.00017690658569335938	400248755	1000000	25	3440488448
c <- x[sample(NROW(x), 100), ]	0.002408716000000588	0.002409696578979492	400248755	1000000	25	3440488448
"d <- x[x$X1 == ""helpless_sheep"", ]"	0.16829912599999997	0.16830205917358398	400248755	1000000	25	3440488448
e <- tapply(x$X2, x$X1, function(x) mean(nchar(x)))	2.0170798640000003	2.0171122550964355	400248755	1000000	25	3440488448
