exprs	process	real	size	rows	cols	max_memory
({ library(vroom) library(dplyr) })	0.47166499999999995	0.5635271400678903	3999322	10000	25	142798848
"x <- vroom(file, trim_ws = FALSE, quote = """", escape_double = FALSE, na = cha..."	0.577053	0.6697717719944194	3999322	10000	25	142798848
print(x)	0.21955600000000008	0.2797501409659162	3999322	10000	25	142798848
a <- head(x)	2.3900000000010024e-4	2.4141301400959492e-4	3999322	10000	25	142798848
b <- tail(x)	2.900000000001235e-4	2.9105995781719685e-4	3999322	10000	25	142798848
c <- sample_n(x, 100)	0.0021729999999999805	0.0021745889680460095	3999322	10000	25	142798848
"d <- filter(x, X1 == ""helpless_sheep"")"	0.0028120000000000367	0.002815299085341394	3999322	10000	25	142798848
e <- group_by(x, X1) %>% summarise(avg_nchar = mean(nchar(X2)))	0.043897000000000075	0.06513889692723751	3999322	10000	25	142798848
